final_label,contract_address,tx_count,eth_balance
Unexploitable,0xdf347911910b6c9a4286ba8e2ee5ea4a39eb2134,22487,0.00 
Unexploitable,0xac65dc06c8444c6545a94ce961496258aa860cb9,15937,0.00 
Unexploitable,0xb6fc6e2385d55ccb83e297bd92e2bd89795b47a3,13514,0.00 
Unexploitable,0xfd13f08b3ee2a1e5dc0bc45009e3d8e7190e99a9,3269,0.00 
Unexploitable,0x5d8cad8836a8fa73ab202249cb7bfce296876e00,3151,0.00 
Unexploitable,0xcc6cc2f648686af73d1efbe7f9b7e4ae3566652a,2272,174626927811902000.00 
Unexploitable,0x8d12fba3b1fa126fe12090a1221411809b332329,2083,0.00 
Unexploitable,0xcb5d0f12ad82506cbe5120890070312249acf536,1724,0.00 
Unexploitable,0x4b0712de9b75bc68a566215acca876ea5e55c172,1707,0.00 
Unexploitable,0x3e2a607b12a002cc4b6cfe9d04f14436b13ad4ee,1633,0.00 
Unexploitable,0x86e4dc25259ee2191cd8ae40e1865b9f0319646c,1586,0.00 
Unexploitable,0xb0fe6581875550421ed1fe4a9ea717fa4fb97308,1580,0.00 
Unexploitable,0xd4df33983ff82ce4469c6ea3cff390403e58d90a,1522,0.00 
Unexploitable,0x851669f77544ca3e02305c74238160051cb0f51f,1464,0.00 
Unexploitable,0x47a15658051e1c68795f8d51d1f29de8b6ccacd2,1314,0.00 
Unexploitable,0x1e025340d6f75a2a4ef81139049cfbf976782eeb,1264,0.00 
Unexploitable,0xb12e260275bcd28e6f8820666ba02c67c9600843,1175,10000000000.00 
Unexploitable,0x4d4d55dbdc229fc5ba788d74dff2d583056d86bb,1036,0.00 
Unexploitable,0x749012523b5c0f634537736202e233f12e9e66bc,970,0.00 
Unexploitable,0x62590a381465eeb2c909787fc927d150ce340d5b,856,0.00 
Unexploitable,0x1c1811b20d9b10fb04813a48396939e324051094,773,0.00 
Unexploitable,0x7c012feef65ff67ad82b21d8dd2a8373849e787b,671,0.00 
Unexploitable,0xea0c348a297084bffbddad7f89216f24a2106e58,667,0.00 
Unexploitable,0x30cefbcb5c26a5b19a019092ab8d09f8739c904f,656,20969532722923100000.00 
Unexploitable,0xe0a5eb197467ef029fd8fe8983f5874af7d95275,655,0.00 
Unexploitable,0x0e752b742f744fdc2d93774da44c37b72c3e6952,641,0.00 
Unexploitable,0xbb8b0f6a802e58506024498e438a6540f3a7bfb4,551,0.00 
Unexploitable,0x3c1634291868ddffa037222991babfccd8400921,538,23598258660000000000.00 
Unexploitable,0xb8f1437c742dc042af73d5bd18c8fc985ec8e3b4,515,0.00 
Unexploitable,0x06df6fdbf7629c71aee3f468ba1ab702fa0abec9,514,99999999330.00 
Unexploitable,0x975838481fb911a2306073150b56e7721b764bb2,432,0.00 
Unexploitable,0x4b368266adb3e159affe3f6fe85b8e0f789323c2,370,400000000000000.00 
Unexploitable,0x7f93bafc01ffa46d8735cc7f51914ac90cba061d,344,0.00 
Unexploitable,0xf85a2e95fa30d005f629cbe6c6d2887d979fff2a,342,152380952380953.00 
Unexploitable,0xd817173ac58fd36a1f90b208e0518d5fc8ebd6d9,292,345000000000000000.00 
Unexploitable,0x8b481c5af4734501ea8b6a0c3502e001dd883d3d,284,0.00 
Unexploitable,0xf077155fca8288da1cbdfbc77e5a33e8f2289664,283,0.00 
Unexploitable,0x607e87cdc8bf7707c95c2de208256e350a7d3239,256,44924797222222200.00 
Unexploitable,0x892552275e5d68d889a33ad119af86b7ddf7c237,250,0.00 
Unexploitable,0x0174312e4aef436606ffdeb4d05d22fb68f36ba0,209,0.00 
Unexploitable,0x06adba5ad6c494e536cad8afa1129ab9f7cb99bf,182,2946673350433660000.00 
Unexploitable,0x3a37dcda0503f92626c082540dfbc9d95104ab96,177,0.00 
Unexploitable,0xb02533f3acf5bebedcf6b11a83951bb80d45b65f,158,0.00 
Unexploitable,0xb854728afaa9f8dae90794de4b9c19f0c5eb969a,142,0.00 
Unexploitable,0xcc37c96cd50b4ceaecc9fcea880d545f093ad3ef,138,0.00 
Unexploitable,0x66a9f1e53173de33bec727ef76afa84956ae1b25,125,2907271702399400000.00 
Unexploitable,0xb012e882c82ef3ca0ce526f2374887b4429a7228,119,1415644894400000000.00 
Unexploitable,0x213840461983aade39416e8b6a6a0b2252df7c0e,110,0.00 
Unexploitable,0x8c3806b0148551d5ad0c8b7dbf1bc252e46c9524,106,31930000000000000.00 
Unexploitable,0x97e9c7678b34b09bdb404bafd573cafc4240a5d2,104,1455162241888400.00 
Unexploitable,0x1d9489f8c87ec8f3a20e7aca4bb2f489a3b25282,104,0.00 
Unexploitable,0x196ed72f9e8f3d6907d494502552223bfe436bf3,100,0.00 
Unexploitable,0x46cefba4dd7512b2449e1ac4b730bfb7f77d1407,75,45380000000000000.00 
Unexploitable,0xea5aa5e8ce77280a008f144833e8e6f702a1c8aa,74,0.00 
Unexploitable,0x2fe7f3ecb8f1318395cff7918cda900491c02d45,72,0.00 
Unexploitable,0x9b2e81b42907e2bbd2bd76e36ba8ce1911db537e,62,0.00 
Unexploitable,0x3744942c42451c2b42f43a51ee9bb6c6ad0fdc86,62,0.00 
Unexploitable,0x23bbc7247b4dbdb4487c9b92d998e106883a9efa,52,80000000000000.00 
Unexploitable,0xd7e4ad7c318ffbafbf602e32e089e7e2326a2581,49,0.00 
Unexploitable,0xb67732ca658b9f7f6c46865865fd990d634c8766,49,7956000000000000000.00 
Unexploitable,0xb2d5468cf99176da50f91e46b2c06b7bdb9d2656,48,5541345366494940000.00 
Unexploitable,0x151d9308c9b3d18295fa4c6a4b5cbd47eebccea7,46,0.00 
Unexploitable,0x8cfb4487aa8dc6e2120eac40764ad21b02d0780e,44,0.00 
Unexploitable,0x23386a9aefbf144752a450121187fa312abbc9a5,43,0.00 
Unexploitable,0xcf19cfee14e161d339a084993b2cb18b7eaec773,41,2390000000000000.00 
Unexploitable,0xc86554bee96fdb3c85f85b576ed52d5e1eacc3a6,39,0.00 
Unexploitable,0x621ad3562f5141c4a0e7cad958b8b524d356332b,37,0.00 
Unexploitable,0xb8c07c219202afd165b7ecfd5800b7e941338193,36,38856603089807500.00 
Unexploitable,0xb21b519028122033a5be2d32f4f8f66616e5b08c,36,0.00 
Unexploitable,0x1860b26155ce3319ace6d1a7ad3a363b58bc97c5,34,0.00 
Unexploitable,0xfd3fb00febdff5621160e8be7fc4079ca325eddd,32,0.00 
Unexploitable,0xccb15d8b18031c027d6cc51751d77f008fabb345,29,0.00 
Unexploitable,0x1c5a70e0d7e27c32b859efb10a360190e536aa52,28,0.00 
Unexploitable,0xf0d1a6dfcce7fb23fee76d8ed89e780c5a2c1885,26,70500000000000000.00 
Unexploitable,0xf01eab46ade80e599209681a5aaa13260ae8735c,26,0.00 
Unexploitable,0x56d380d96d106ad0a3804adfd4f1e3453cfc33b6,26,0.00 
Unexploitable,0x1eafd303c88b6cd638c77b40596de3dcf001b249,26,0.00 
Unexploitable,0xe85083dec29ca5287a00a29f667a8c5489cdf297,24,0.00 
Unexploitable,0xc7703c4b5672b47c6512c90d1db89ecf0070e309,24,102125000000000.00 
Unexploitable,0x0c2e5989a972f2a2c41163fb5adbf097fa92f93a,24,1161993770000000000.00 
Unexploitable,0x9b6e3b0657d321827a9ae10ee7734a3672da5804,23,0.00 
Unexploitable,0x2628e13a3cbdc52ed96b4b8d6b1041d3ef3a409e,23,6614905873260000000.00 
Unexploitable,0xb612b91cc88a94811c4f6586fb5c5ddd7c1b442e,22,0.00 
Unexploitable,0x12e29d7d6fd63f0f12040fcd1bf9021919b0e4fa,22,0.00 
Unexploitable,0x3cecd05537ea3a9de9267c0e8a8abf218a903148,20,63798984000000000.00 
Unexploitable,0x187ac8adc20767be1635d4ad972e0c31d654f061,20,0.00 
Unexploitable,0x2177e4d07686fcaff5b9138e1757f6ba3281a1be,19,0.00 
Unexploitable,0xd8114e9c66035b9cee9bb7374f39ad6751811761,18,0.00 
Unexploitable,0xed440a72e5213b85ef960b5fb2b3f0312cf8d0dc,16,0.00 
Unexploitable,0xcf438fb35c4c7131e8846e4ccb5bec3ea60d7591,16,125000000000000.00 
Unexploitable,0x4b37b60ded27dc5bfa193fe30e9f9ac932a7b6f8,16,0.00 
Unexploitable,0xd1b24eb6a8318008afd9f89c49980b9bd5c64ac4,15,122856065433200000.00 
Unexploitable,0x9b3579b22f1bd4ffe9f3c8f2c58da696fd9d45ab,13,0.00 
Unexploitable,0x674f169ddb2484d9112cd3d1703d4dc42ab55c6b,13,120000000000000000.00 
Unexploitable,0x5592a2704ba651f8af4cb6f330415f9877483ad2,13,0.00 
Unexploitable,0xf99e42f727b256d01c87a9143412546a9296eee0,12,0.00 
Unexploitable,0x906a6ceec7256b02bd16401d2993bf9b1ed89b9c,12,0.00 
Unexploitable,0x0f2451e0ce93c39025b1693038d71ba2289b2008,12,0.00 
Unexploitable,0xf2f13b50e63454a5ce255f8355285561c13bb3cc,11,0.00 
Unexploitable,0xc849a5fff9befa297d1c3a772bafac9f3c9004ec,11,0.00 
Unexploitable,0x5dd402d0e865a10558bfe3491e94c074cc65810f,11,0.00 
Unexploitable,0xf5618f27f08e4ed6890103385bb9f756822b5d27,10,0.00 
Unexploitable,0xedc1936bbe9fee2abc523ad237aa62a3a3722177,10,0.00 
Unexploitable,0x0956c4fdeaf4c98062b11be89cc94294812b79cc,10,0.00 
Unexploitable,0xa7b160a9c3eaee7ba27f87bb5f305bb9d1f24e72,9,0.00 
Unexploitable,0x5cc5bf5c659cdff16e188bd66a23ffa7b4c23add,9,0.00 
Unexploitable,0x3c6679b7d8f3f39cd34184b1df11fb7a39031737,9,2000000.00 
Unexploitable,0xf099c6ecb16575393b3ba6ac57b4ead943353a52,8,2300025800000000000.00 
Unexploitable,0x18365e32f5e5615fe73592f7c2dbfa73538708c6,8,0.00 
Unexploitable,0x0797307c0d897e439855157ed35d5075ae95d511,8,0.00 
Unexploitable,0x82df2d0dcea2103e0e5b4a9fc9becafc22b1ac82,7,0.00 
Unexploitable,0x79ca19b5737a00314473debaaaf1421c501baa80,7,2500000000000000.00 
Unexploitable,0x6947335452cb7a452fc337c28cb0d597806c7672,7,53990000000000000.00 
Unexploitable,0x61f30fd17eb78e9d65bac0ad0ac79f6e9aa51594,7,0.00 
Unexploitable,0xc53a772d50974f14aed723eeae72fe736f41a074,6,0.00 
Unexploitable,0xb8bf73550f251562d308882e032225a700a7b9bc,6,0.00 
Unexploitable,0x7338809d1a2c6fbb6e755470ab2a28e8c5dac63c,6,0.00 
Unexploitable,0x193192b74e3d09f49cd7624f59b43170137966df,6,1500000000000000.00 
Unexploitable,0xfb1fb0eafdbaa51f8ba1332e43599e75b7cc8e2c,5,0.00 
Unexploitable,0xb402be8db1d9eb2beedfe2c8a6c38a604e9f13c6,5,0.00 
Unexploitable,0x897c6cf1996edfb2126703dcecf038df646298fa,5,30000000000000000.00 
Unexploitable,0x6dbb4e882f967432fc0f9200e9ca577c916d8a68,5,12952600000000.00 
Unexploitable,0x6334c4ad28d3a175365d7e7a1c4b08c887f00634,5,0.00 
Unexploitable,0x5bb52e85c21ca3df3c71da6d03be19cff89e7cf9,5,0.00 
Unexploitable,0x51aa4e547b5bc5176e3e816b2dc72d701f7f5511,5,1000000000000000.00 
Unexploitable,0xc38c661da654ba25f79e11b80f6f748b35528e77,4,23539600000000.00 
Unexploitable,0x6aa6b4acfab761a4f5dcee7a3962ee7aea4b6693,4,0.00 
Unexploitable,0x5301f1ec2f48f86bbd5291dfd7998a3d733a3245,4,0.00 
Unexploitable,0x14156118793b977b4559ed50484dd59b688a5825,4,0.00 
Unexploitable,0x0428acd58dc71f7b121191b36c13db536e0ab8b4,4,0.00 
Unexploitable,0xfe1d7a000d8eaf85bb8dd0a1e503a6f7e2e7794f,3,0.00 
Unexploitable,0xc80b47a7daedf9356bcac2c5aebb5155f5f4a8a5,3,0.00 
Unexploitable,0xc4d9c9cf9366e4b455c26ff5ff6caba6df3f1e25,3,0.00 
Unexploitable,0x9334c24f8b7d1e57b4018692a38ab0e019d1bbf0,3,0.00 
Unexploitable,0x57ae3a491f4555e1eed37338d1b8b5222935f28a,3,0.00 
Unexploitable,0x3688587725ed6dda84bcd25aeeb04997415da50a,3,122703853955375000.00 
Unexploitable,0x09f6a183dc0375ccf8032c367881f3aafb5342ef,3,13757000000000.00 
Unexploitable,0xfacc5b21597487575667dde047fc6e5d58bdae55,2,0.00 
Unexploitable,0xeef93ec835c7921038d55ee096671a94e961709b,2,0.00 
Unexploitable,0xcba5bdfaa9a5527c82e6fc75029283a3c4553b61,2,0.00 
Unexploitable,0xc908e288c05368ab6036450ab7a659f0bc5a784f,2,1159800000000.00 
Unexploitable,0x6c940a8d477922f1cffe012449321098e06db3f7,2,10000000000000000.00 
Unexploitable,0x61ea46d23b5ead47be7dbb9d54d185dbd7137dc4,2,10000000000000000.00 
Unexploitable,0x5eca6261a51ff4ff536546cfe2c43484240b8c5c,2,0.00 
Unexploitable,0x52ae2b53c847327f95a5084a7c38c0adb12fd302,2,0.00 
Unexploitable,0x4a3b35487a56cfb9df80716054f793aa4c3bc1f2,2,0.00 
Unexploitable,0x3f9b6264f60cd50b456ed69475862db1c8c62c38,2,0.00 
Unexploitable,0x3b1d8701397ab3cf86f10b0ef03854cfa06a2fa3,2,0.00 
Unexploitable,0x36cce24d6314445c11beb80f99f9f14b5ea9ecc2,2,0.00 
Unexploitable,0x1ac21b27f5683cc87e7cc853d6d4c052b08f0fe4,2,0.00 
Unexploitable,0x08cdedb1f2455b876cc2f58b852a794eea99019a,2,0.00 
Unexploitable,0xe93b673bbfcbd45dff745d76acc39a635f238c8b,1,0.00 
Unexploitable,0xda43120e633a1c7d2109a825b493a8ded27a9d1f,1,0.00 
Unexploitable,0xaa15347dc0ef86a1d396ed091f0d223295395ec7,1,0.00 
Unexploitable,0xa83f82b3628a9f0d4c9dcd228796a64dac998589,1,0.00 
Unexploitable,0x98d4d0bff6bd2423c960101fdd14a0614a0052ba,1,1162600000000.00 
Unexploitable,0x788486e725530f788ead2e3c50a0c71a4c47fd33,1,0.00 
Unexploitable,0x705ea5f4a50fcd8ef5cdfa9d3647b582a196cb5a,1,0.00 
Unexploitable,0x5410477d95454de2796386f0afda58bbc45b5045,1,11757000000000.00 
Unexploitable,0x4ff0c86f0038dfb8e207eecf492c6547dceab406,1,0.00 
Unexploitable,0x2924ebdb422b7780af5541c25016da38a70d1a16,1,0.00 
Unexploitable,0x1c7d5a0a85e29fc599d606c3256ca5ea3bcb5fdc,1,0.00 
Unexploitable,0x003ee7598cd371b9cecdfa64f552d550d83f2f7e,1,0.00 
Unexploitable,0x0f37dd19f5bba5e4a6fb7281e1d135d8245a6ef7,13,0.00 
Unexploitable,0x73adf3ffe3471ba872368383c9c827da0b2512ef,2,0.00 
Unexploitable,0xe62e6e6c3b808faad3a54b226379466544d76ea4,628638,1098514686487860000.00 
Unexploitable,0x9e15f8ad98e95033c1d4798458cec34a4b5972b0,352653,51007000000000000.00 
Unexploitable,0x10086399dd8c1e3de736724af52587a2044c9fa2,243316,0.00 
Unexploitable,0x0777f76d195795268388789343068e4fcd286919,227973,590760000000000000.00 
Unexploitable,0xa3f440ef604a6380a030360f85bb0dedb6db5a85,88856,0.00 
Unexploitable,0xd0466448fb6bf17beaf9325974b7f71c6937609b,85738,0.00 
Unexploitable,0x6f6deb5db0c4994a8283a01d6cfeeb27fc3bbe9c,65946,968337424465365000.00 
Unexploitable,0xc47d7d42e44b2e04c83a45cf45898e597a0c2311,49577,1990800000000000000.00 
Unexploitable,0xdcb5410ef70f59a5a2839fc6d4d0b2ca981f5e2d,47557,0.00 
Unexploitable,0x89dd662cc0651a6f3631a617724525f2ff373b1e,40294,0.00 
Unexploitable,0x8bc67d00253fd60b1afcce88b78820413139f4c6,33458,15920000000000000.00 
Unexploitable,0x663e4229142a27f00bafb5d087e1e730648314c3,26680,88000000000000000.00 
Unexploitable,0x35ac488b773dac506ee857895ee9dc34b250f313,24571,2600.00 
Unexploitable,0xcfb98637bcae43c13323eaa1731ced2b716962fd,24490,0.00 
Unexploitable,0x1953da0e7087ca94fa3bc467fb3599c9285a3b47,23827,0.00 
Unexploitable,0xe4bd56cbf537074e3836a1721983107cce9e689f,16404,5740148520000000000.00 
Unexploitable,0xd559f20296ff4895da39b5bd9add54b442596a61,15300,0.00 
Unexploitable,0x27e7383e49be6fd965805a0302b32e40c3d9981e,15087,53077205083874500.00 
Unexploitable,0x8055d0504666e2b6942beb8d6014c964658ca591,12689,3600000000000000.00 
Unexploitable,0x3f18b2e57acd6f6c111936577529ac0dce7148b8,11112,0.00 
Unexploitable,0x482cf6a9d6b23452c81d4d0f0f139c1414963f89,11014,63000000000000000.00 
Unexploitable,0x819bb9964b6ebf52361f1ae42cf4831b921510f9,10634,6732617369014690000.00 
Unexploitable,0x2cfc06b1ec0735bd7ef00b211764cc7e06e9456a,10332,0.00 
Unexploitable,0x1d4ccc31dab6ea20f461d329a0562c1c58412515,9609,0.00 
Unexploitable,0x49d09cda1deb8a1680f1270c5ed15218fc4b18f0,9076,0.00 
Unexploitable,0xca891ae246e7177aad7b50dfb1b5e9993a63eafe,9008,46235841074569100.00 
Unexploitable,0x6fff3806bbac52a20e0d79bc538d527f6a22c96b,8657,0.00 
Unexploitable,0x0ebb614204e47c09b6c3feb9aaecad8ee060e23e,8207,1333407405434350000.00 
Unexploitable,0x9d1cdcfe212351ef2f78d53a786444cfcb537374,8009,735361123107814.00 
Unexploitable,0x3adfc4999f77d04c8341bac5f3a76f58dff5b37a,7030,0.00 
Unexploitable,0xa5ac2afaadf3d9ad29dd96d66354df96050f9932,6452,0.00 
Unexploitable,0xa55fc2f935e5decd52685e28c9f1e94528f86c70,6285,0.00 
Unexploitable,0xd0183c90d1dda5357ce349984a51cc24b7d2b78d,6009,0.00 
Unexploitable,0x516130856e743090af9d7fd95d6fc94c8743a4e1,5246,0.00 
Unexploitable,0xedb94888eff041eb50c9fc92c360f66afb3b94c5,4651,0.00 
Unexploitable,0x55e851ecb4a8ee090f7b097ba1804db94d90175e,4464,0.00 
Unexploitable,0x02b02759c94496a6103c7112606d1b70c055cc58,4382,0.00 
Unexploitable,0x1e891c587b345ab02a31b57c1f926fb08913d10d,3991,980000000000000000.00 
Unexploitable,0xa9e3440d5c64e99c77410ec4b15746b835add59e,3850,12000000000000000.00 
Unexploitable,0xe442f48b63714f7d0b910d93e5a57fab44cbd888,3676,0.00 
Unexploitable,0x3d2b62ad28a7a11824db8d64d170843e3b89f6ec,3633,151107.00 
Unexploitable,0x9eea7965ee59c304f81d602ae1d9a3d624429d9d,3340,13235991805979500000.00 
Unexploitable,0x0b6e701cd51a9e1b5829a4c4fe2130d60c0c4f6c,3334,0.00 
Unexploitable,0xd90f5ebc01914bbd357b754956aafb199f4d1624,3153,532251354180000000.00 
Unexploitable,0x9db21e6228b347e504cc346baf15067d44d12ce0,3084,0.00 
Unexploitable,0x5085c5356129ee11bffb523e3166d7153ac13c75,2994,0.00 
Unexploitable,0xe367fe584adad878b9174ea4ddd8571878016811,2768,0.00 
Unexploitable,0x1977c795b5f52bf6f8150136b07822d1f00704f3,2731,0.00 
Unexploitable,0xff51cbb2ee51ff8165c56697517a4621be0a11b2,2699,794560536000000000.00 
Unexploitable,0x7c8efa4cdcd3c1c1287dde290d8d96868c294fb6,2570,0.00 
Unexploitable,0x0b7bda8ad804cb3318ae8490b984c2883ada2154,2391,10.00 
Unexploitable,0x5986d909b2fd4e8a613160ffa58e1cf067763133,2271,0.00 
Unexploitable,0x297ac8bc7540bc241f065fcc22c570b40170b573,2238,0.00 
Unexploitable,0xb2ee4acf44b12f85885f23494a739357575a1760,2237,0.00 
Unexploitable,0x7c32db0645a259fae61353c1f891151a2e7f8c1e,2155,0.00 
Unexploitable,0x16b5d98ac50a4f8326972a6528278b53c8a1180f,2031,0.00 
Unexploitable,0x2b591350c2f80bb0a8f079efb2dc1371b4eede96,2022,0.00 
Unexploitable,0x8b34fbc553db3462ad4909f2e5577cc22f63c216,1952,0.00 
Unexploitable,0x52331f7ae3a757d6838b3295738d964b17ac810e,1904,0.00 
Unexploitable,0xe272fddbd056240149c771f9fd917fa040dceb39,1839,1542714770919520.00 
Unexploitable,0x73e7a21d903107203cc809e7eed014d7d8cf618e,1733,0.00 
Unexploitable,0x24dc97fb4fd3517fa82943b00a60b0fd3bcf0688,1565,151000000000000000.00 
Unexploitable,0x9aca6abfe63a5ae0dc6258cefb65207ec990aa4d,1563,100633469345624000000.00 
Unexploitable,0xc2f949ffa650c8909baed7eccd35def31532990c,1503,0.00 
Unexploitable,0x642ce99aad0ccc6fed7930117b217a18ce4b4229,1417,0.00 
Unexploitable,0x56d06701fd44a4a857cb96b266f505a2832950c5,1396,0.00 
Unexploitable,0x6bbd71e0ff7525854ca17f9324cd649f1de08fec,1334,0.00 
Unexploitable,0x16d790ad4e33725d44741251f100e635c323beb9,1328,32852704000000000.00 
Unexploitable,0xf61bb4e9b8d40631702c734333373a231a3cf90c,1258,0.00 
Unexploitable,0xfc812ef2661a99cd21ab452edcbab505583fe40b,1218,205867533092953000.00 
Unexploitable,0x5f7ae9abf59dea2231840a06402096d3a6845a2b,1214,103729999999999000.00 
Unexploitable,0x22365168c8705e95b2d08876c23a8c13e3ad72e2,1212,0.00 
Unexploitable,0xa94753f10dae24e39f0dd88bf73718455da387f2,1154,0.00 
Unexploitable,0xbeada3257bff2d41ef6e563190e6624b57eacc89,1150,0.00 
Unexploitable,0x2b73cb82aebd4c261cae319d2f9eafedbf72abb6,1086,53023600000000000.00 
Unexploitable,0x74cd98fbd837fe9200cf867f4b1ba9573c6d865e,1049,0.00 
Unexploitable,0xbed908dc39c34125314f2141079b5ffadb270300,927,0.00 
Unexploitable,0xfe4e742f7aaf30186a3a3b290304eb8d613e4867,925,0.00 
Unexploitable,0xcd806502ad2f9aeb32e23f8d647341d4b568201d,909,45235189252315000000.00 
Unexploitable,0x18373e7b8bd24ecb0af8e9c95548360ef787b781,891,0.00 
Unexploitable,0xe045b6ee1b2bdb357ea1bd9435de0b07eda4053a,860,0.00 
Unexploitable,0xe62643c89462601b92901b0f270e15abe462c77c,847,0.00 
Unexploitable,0x4c60e311d8fba04e313f7e7b3dec61b3028726d1,842,0.00 
Unexploitable,0x19324c99fc1b2fd7ca827c98f6554085f147dea7,785,0.00 
Unexploitable,0xe8ef703c0de875d5c6c882c71ff03d18598290b3,764,0.00 
Unexploitable,0x5314dd28de3f215647b64ccb3701e6098a80d080,763,1.00 
Unexploitable,0xd0d932c9f78583d297e487a7965223d0fe1008c8,720,0.00 
Unexploitable,0xca6746f65d53d2df5022b5d775817e62e8462690,613,0.00 
Unexploitable,0x514e5da2903a5db9d05e9618816b15d22d29c26a,611,0.00 
Unexploitable,0x1185ac9e7cc026beeae17a822be27ed7a35b6456,598,0.00 
Unexploitable,0x5e579642e6b18990672a98e4017390839efd2659,571,0.00 
Unexploitable,0x99a3a5333b4eb80192149f9edd42d1d57ac591ee,531,2746456149967410000.00 
Unexploitable,0x40da24a66f729d0bd0453681c5a6506bdc2a7a6a,517,2731000000000000000.00 
Unexploitable,0xcbe7ab529a147149b1cf982c3a169f728bc0c3ca,503,44752400000000000.00 
Unexploitable,0xc333228daab9bde8a3866efa3a9e616b7e1bae51,493,0.00 
Unexploitable,0x6c5dc1dcda3d309a6e919e6d0965f197e0fc1913,442,0.00 
Unexploitable,0x5fc516dadc9f55cf40a415bab5ae56202ed68396,433,58291419192543700.00 
Unexploitable,0xdaae09accd32ccdb5d1fe48244d1826f55670704,422,0.00 
Unexploitable,0x19c366386ed73c276ebf883d9c29a4d9208f54e1,421,0.00 
Unexploitable,0x2f5e044ad4adac34c8d8df738fac7743eda1409c,419,10708093524267500.00 
Unexploitable,0x921ade9018eec4a01e41e80a7eeba982b61724ec,411,0.00 
Unexploitable,0x8d6b6f21e4519ec10f54842cd9c113ee7e50e04a,396,3538874722600000000.00 
Unexploitable,0x11d635bbba3f9b8f7c9b91ca9f315a2207cb5ad5,385,0.00 
Unexploitable,0x43716e7e08bde679e0b05b50fd0120cc77277bb4,378,0.00 
Unexploitable,0x6490efefbe454d7a4aaad6d1a3359d38a1065e91,367,0.00 
Unexploitable,0x16885883e2785c56d279636b45fb85d8f9b0db23,356,0.00 
Unexploitable,0xde745420248e0dde0cf774b5db8d59c96982b3a2,353,0.00 
Unexploitable,0xedc77f347a7dbdba2319e86ef5681535f8da75e0,347,0.00 
Unexploitable,0xfe5acbd46abfc246c3a4f9b0019aae624ff0da98,346,0.00 
Unexploitable,0x015531a044bae03bf4dab1ceabfc232a969b7175,339,0.00 
Unexploitable,0xa2073fab02cd808dd35b144360b0d2b1fa2325b5,324,0.00 
Unexploitable,0x643d60febd4f892a36d88ccd1fe8f4bfb5ef8807,322,0.00 
Unexploitable,0x3cf1cf6969c5839da54b19734ebfa5b9bb9e67a7,318,0.00 
Unexploitable,0x95be22039da3114d17a38b9e7cd9b3576de83924,317,53437500000000000.00 
Unexploitable,0xb4d2f83a3a33e23c0e81e7a3124ae8c214470b9d,314,0.00 
Unexploitable,0x08dbf4f942ba8cd7871c13addefdffef3e5a8035,314,0.00 
Unexploitable,0xfef1595da2bba952fe13003dce7ad32d991c6e2f,307,0.00 
Unexploitable,0x9a59dd314503ca509b1a3a81816b248865b9f82d,297,8026666666666660.00 
Unexploitable,0xe9fc0c55f9f3a38c0e972d6444273ebdcc7aa46f,294,0.00 
Unexploitable,0xd7e53b24e014cd3612d8469fd1d8e371dd7b3024,291,0.00 
Unexploitable,0x80b3075410ee52c520dd203f60206f633d27a109,283,0.00 
Unexploitable,0x2138ffe292fd0953f7fe2569111246e4de9ff1dc,279,0.00 
Unexploitable,0x58fcf11196abaeefdf23198ec4ec9c5237963e17,278,6464979750000000000.00 
Unexploitable,0x5c6554f85c23773fd991163cfd804ec78591ef0e,275,0.00 
Unexploitable,0xfc543ba94943da77236d38d1cbe6bd9c7b945dfc,263,0.00 
Unexploitable,0x3f167627de4d2108d2f30407af5890f5154313a7,262,0.00 
Unexploitable,0x836a5f830d695b4f9975ee87b0b0be68c44ff585,261,204457725383258000.00 
Unexploitable,0x6076361202cd4d4abaaf95f48823fe0ab7763eb0,257,0.00 
Unexploitable,0x97dd376e5ccef843f214bd6cff4196aad4f3918b,235,0.00 
Unexploitable,0x183891e9cfaee0c9e2dbcdfefe1505626c696951,235,0.00 
Unexploitable,0xaab606817809841e8b1168be8779eeaf6744ef64,230,0.00 
Unexploitable,0x5a95d990d7c3bd406781c3888c953c13971326ad,228,0.00 
Unexploitable,0x0e9b345a0da4e1f276eabc57d1d02945dd09f46c,228,0.00 
Unexploitable,0xbeaf9e75f92a2d9baf6f79ca7f53c8fd64542ced,222,6483027089376160.00 
Unexploitable,0x843fcaaeb0cce5ffaf272f5f2ddfff3603f9c2a0,216,0.00 
Unexploitable,0x12d5b7c26dd8dc6e2f71f5bf240d5e76452b2fe5,213,81885917788799700000.00 
Unexploitable,0x34887b4e8fe85b20ae9012d071412afe702c9409,210,0.00 
Unexploitable,0x0a2ea71d943bf917b410593194595e1f48d40e54,209,0.00 
Unexploitable,0x9922bff8380e9062eda0ad2f5712d96a88c3d0b3,206,0.00 
Unexploitable,0x2ff9c09becd301bcf7d5fa057e01c39a370985cb,203,0.00 
Unexploitable,0x13ddd5c273a027608a42727a46f8250011645166,192,2142697416008710000.00 
Unexploitable,0x620331d1aedf17a6090a938bbcd90b2ce3831b46,181,3741261342800000000.00 
Unexploitable,0xe91054f2d28a9c4f013c5313f070ce5aba9009c6,177,0.00 
Unexploitable,0x0f97c5939d1dd5f8d3520532caec7d82b269f293,174,0.00 
Unexploitable,0x468116437c1c0cfc742343282f1370f67d46d599,166,41149999999999900.00 
Unexploitable,0x7b1c558cf389f3dc8e1b68d313651f0dedf27eac,164,125000000000000000.00 
Unexploitable,0x33ee4dbe891859811958c43e05c09cff084b0a03,155,0.00 
Unexploitable,0xa0b327d2cc524942ae8b0c6862e71576b0305837,154,0.00 
Unexploitable,0xb3b33f59174f2ef62167770e4c9cabaa3879eb5d,153,19061644895117500000.00 
Unexploitable,0x30eeb23197fb7ac4600aedf24a59aedfcd1a00e3,134,0.00 
Unexploitable,0x80406b7d3b9189968e3499d4f69cb015ae6f4b96,132,87655500000000000.00 
Unexploitable,0xc03dbb04e6e726d88e29cb161f342b2846c4b80c,126,151473372267520000.00 
Unexploitable,0x61904fa1d7b7b1df21bd6c3053a07a04ab6a87af,125,31000000000000000.00 
Unexploitable,0x6954354a6c94b2d5c4d1b8e40b4bee1e0615d72e,121,50888920000000000.00 
Unexploitable,0x29ec21157f19f7822432e87ef504d366c24e1d8b,121,0.00 
Unexploitable,0x5789e2b5460cae9329d93a78511e2ac49f98a1f6,118,0.00 
Unexploitable,0xbbda1f5899f828735af87e890afc6449fb90de13,117,0.00 
Unexploitable,0x4ac0224821ccc044d358403469c88845dc56f83d,114,0.00 
Unexploitable,0x1e744cd47049f4b2ac2b571feabc58b771cd9ef0,113,0.00 
Unexploitable,0x08b63cbc9589ccdcaf8c801053e6fa9663331250,112,0.00 
Unexploitable,0x6f456ff1ff6eea6e62adeb59c11df2dfc294f76d,107,880000000000000.00 
Unexploitable,0x9527551ca444f6e5d9a0b281116586427366862a,105,0.00 
Unexploitable,0x5052787b0b9cec67442e2ff43d2176693377bc5a,103,0.00 
Unexploitable,0xb69090fabe3f77e54e25cf59ec3630ba73533fdd,102,512500000000000000.00 
Unexploitable,0x732e28b4a2fae96461f6b4cfae8165d8a0d464d6,102,0.00 
Unexploitable,0x4668e1ab5e073c1361249e1bc1f78c0e52472af3,101,0.00 
Unexploitable,0x0f72b988c30a4e4472607703c3363dcfe0f58e0d,100,8959917116666660000.00 
Unexploitable,0x1ff54baa4cfca0826e125e6e1e312a53748c2637,98,59770424836601300.00 
Unexploitable,0x9f3d6a14aff7ca1f0bdcac794184b098c5a999a7,96,0.00 
Unexploitable,0x44a16f9f7c67bafcbeb5d04a5d1f6248b1222ff7,94,0.00 
Unexploitable,0xf4ba4c2aa5bc3c373537ec85f61a02afdb697106,91,0.00 
Unexploitable,0x2b989b91967f75eb13ef34bfccd85d371feacd4a,85,0.00 
Unexploitable,0x601b31afde3558f0f3da77bb87d58a91172428a1,79,0.00 
Unexploitable,0xe5519b3408fcba6613b44a7a464b6bb884cbfdc1,78,0.00 
Unexploitable,0x304baed6911a22c95cf6fa7fe74525e28359a529,73,0.00 
Unexploitable,0xbf64a825e602a4f1c31480a470e99e1d896c88a7,72,30000000000000000.00 
Unexploitable,0x1cf33ead073351b3fc63c1f4f35dc10791fe6c7c,72,1000000000000000.00 
Unexploitable,0x1fe3825a3012e581843a483df1452fc2fa4f0bad,69,0.00 
Unexploitable,0xf7ff6c8d0264a6adf6f4ba60d427beedcbe98b50,64,0.00 
Unexploitable,0x48ee772b8c8927d8d32afc8961fbc177fb723637,64,0.00 
Unexploitable,0x0e6f6ed4581d25944d8c6a595b9f50e11431b754,64,0.00 
Unexploitable,0x4ee1d7720a04072142b2efc9d2c7d5d77ad63939,63,0.00 
Unexploitable,0x173566176a1deebb47569c8366e84ba7b10b3b8b,61,0.00 
Unexploitable,0xda76af4064c7723375756a19e9520fa24c5ec737,60,1.00 
Unexploitable,0xa003e894327de1f5d0fd13cdd56600bffef9a017,60,0.00 
Unexploitable,0x34dbde62ce8af4ea2525fd0f10caf7acbf1af82c,60,0.00 
Unexploitable,0xc886d9b4de5f9b5578fabd9151571f5fb8869d9d,59,0.00 
Unexploitable,0xbf2000b42c1ba2eb9e5163a0b7e2fe987ed124b4,59,0.00 
Unexploitable,0xb5da84cdc928765c15a8192bf3c6649e7802772b,59,65000000000000000.00 
Unexploitable,0x8df3d3fcf93f630ecd418fc9243908343980389d,59,39771651600000000.00 
Unexploitable,0x3dd4d9886ae628ce7fc4ef7b8242fb4703bc9755,59,0.00 
Unexploitable,0x860a8c64cbc7f9aac11428ef8df989f5770cda60,56,0.00 
Unexploitable,0x9b6337547026342d4c8922537cc23268d1d75284,55,0.00 
Unexploitable,0xfacc5e3ee7e8a27215963e1a9440075cc50510a3,54,0.00 
Unexploitable,0x9a966288311783b1c4094715491ddca11afe3395,54,0.00 
Unexploitable,0x615ea80bc073dca935fb634ef40cf8b0166bd94a,54,0.00 
Unexploitable,0x6077588cc02f487e9e65fb882867959dc2310ba7,54,0.00 
Unexploitable,0x393b5fd2b993eaf419fbadab630bc9bd3d5792e9,54,2.00 
Unexploitable,0x21fd831991db41d21835f1ae78b720d6f1a6c33b,54,0.00 
Unexploitable,0x91b9d2835ad914bc1dcfe09bd1816febd04fd689,53,2702395359377140000000.00 
Unexploitable,0xe5dc9d1b58fd5a95fc20a6c6afaa76d44d70a7df,52,0.00 
Unexploitable,0x73f09b50960f87af26ff4817a93c0f5efd0aa9e2,52,100250000000000000000.00 
Unexploitable,0x1bdfc9f510b371b72de625f374e73a1f3e8d1cec,51,0.00 
Unexploitable,0x0a34dfb1f68b68518ac53ec9ba4115ccd8922816,50,0.00 
Unexploitable,0xd01c0bd7f22083cfc25a3b3e31d862befb44deeb,49,0.00 
Unexploitable,0x66388ec3dd48c9a9d26dd501e6c8ba27aee420f0,49,0.00 
Unexploitable,0x2cf02304f36effd519be79850d21335684c6073e,49,11300000000000000.00 
Unexploitable,0x1e6f116ca704277c97595316ac157eb6ed30290e,49,267500000000000000.00 
Unexploitable,0xeb86a173e0311a28cadc24f85dbad867bbf34f73,47,1005214800000000.00 
Unexploitable,0xb2725430f9ecedaae32ff4c4ba814519b2a3b187,47,32859376862400200.00 
Unexploitable,0x4525e75ce3d340eee093fbae86637d9aee4e2b3d,47,0.00 
Unexploitable,0x588e9b40c9e16850ea25904d27e2412df72f62c5,46,0.00 
Unexploitable,0x92e2d8348df613104c321bb7ab2862f0883e3bdc,45,0.00 
Unexploitable,0x2495bd6d0ac7704c55f5eed01ae2591a5b53906c,44,0.00 
Unexploitable,0x4830e1e8d533313d2bb426cf1ef306460f288524,43,293783791.00 
Unexploitable,0x80391307f1b08cc068fa1d1b77513b98c36dfbfa,42,0.00 
Unexploitable,0x20f5559b14b98a0f6f61b7dc9a75dcdfe6f61f86,42,0.00 
Unexploitable,0xdae38ad8487c466b98f397974a781a9ca1ffddb7,41,1072234319213640000.00 
Unexploitable,0xce0589450422ce360215c6c50f9809e753e3829b,41,0.00 
Unexploitable,0x3ac86159fad58c90aaea1c61974d69d4f8ce8e77,41,0.00 
Unexploitable,0x631c0d6f503c900e969c14d80a61d94e34cb0899,40,0.00 
Unexploitable,0x0db315a8343e3e7849bd12e89a2c3cca9be58cd4,38,0.00 
Unexploitable,0xc582a48c09aa74fe1fd483066eeb230d54dfde6e,37,263000000000000000.00 
Unexploitable,0xbf3fb33c8186091ddb5b8f86ded196679070982e,37,0.00 
Unexploitable,0x57e7d2eb31a54f3d661de5a29114ff16f1295991,37,0.00 
Unexploitable,0xf21edc87a7c56355802d78009a1498be090f7840,36,0.00 
Unexploitable,0xe77f30e108543372f405d2c0f95029c97a8622ad,36,4214557091534760000.00 
Unexploitable,0x49102622791a58abe990a0ac68ec3f4366c5b2b1,36,1040900000000000000.00 
Unexploitable,0x00416b9d728069edb0ceb04bc2b203fa7336d1f1,35,0.00 
Unexploitable,0xbf32639b80f5be67654c3304b3928a6d4b9407e6,34,0.00 
Unexploitable,0xafa4d6513e811f6fea5134214ab3bb1df824c4a0,34,4100000000000000.00 
Unexploitable,0x8799e7801c602c78e45bcd64196bef0ed16f2d20,34,0.00 
Unexploitable,0xcb4fc459c926e5e10b698009f6f3c1ed658faef7,32,2200000000000000.00 
Unexploitable,0x47841c761b02a8c33e3ff2b13d6497d72e539eb6,32,22573850000000000.00 
Unexploitable,0x3d5f2f4e4b9cf03e896ff2093569078ce45ba0c0,31,0.00 
Unexploitable,0x13ea3e8f20fdabb3996d7580df50143b93e4ba27,31,0.00 
Unexploitable,0xa5e109d5879b81cd58f209ed29cd7ea43180eb9e,30,0.00 
Unexploitable,0x383670ae601bdc30f15eee3fab8b55abf997d097,30,0.00 
Unexploitable,0xeb5518602c22154970fd43447939b1dfef053b9e,29,0.00 
Unexploitable,0xa72bb2b7440f096dae27e2ffc8ee24d356de0ac4,27,125623546960000000.00 
Unexploitable,0x6874e50e8e81eb097591411483a39f4ed6876f2a,26,1691005500000000.00 
Unexploitable,0x18d70bd7bdfa7e424271fe25b527ee0250db5c90,26,0.00 
Unexploitable,0xa42b1bdc7ee1083122d63c445f67c4d6b5892c32,25,0.00 
Unexploitable,0x36995d4e1ab6ee76aa55f16736fc85ec6e7b6c1d,25,551419655000000000.00 
Unexploitable,0xe4e5388457a381eb608c09aa6e63330c9ff6fc09,24,0.00 
Unexploitable,0x9c7f5814d791235528661cdf67b9dc8ccfd51aa4,23,0.00 
Unexploitable,0x50ce4b73320ee36e307c1551207fd8008f4f38eb,23,0.00 
Unexploitable,0x48e6ca91001b3ff03ec6bdb42f40179644ff827a,23,0.00 
Unexploitable,0x48a3ef336c4ffffeb4fdc6663c64dc005edaf372,23,0.00 
Unexploitable,0xfd26d4fedea09da1bb2c4e410c747dda72fdb506,22,0.00 
Unexploitable,0xbbed731045a458fe7f5cc37d3581e69a722f6995,21,0.00 
Unexploitable,0xb01a9ac1a5c159aac55b70ef0fa2634eb30ba4fa,21,133000000000000000.00 
Unexploitable,0xa674f3cf4b74dd13536c3a75cc2cb6ec64adf56a,21,104193224400000000.00 
Unexploitable,0x7f85edccb8fa6252d4d485e643a9485d361d7a1e,21,10.00 
Unexploitable,0x6e0051c750b81f583f42f93a48d56497779992d8,21,0.00 
Unexploitable,0x36686a5ae14cdc25ec7c8e96e08c2d3656b752e6,21,0.00 
Unexploitable,0x62bf6e1d9424bec0ccbbf35d413d6e7d516e635e,20,0.00 
Unexploitable,0x16504ea42ffd2bd962108c2ea7cc4fb70106d8a8,20,10000000000000000.00 
Unexploitable,0x0c3529a5870a1b68123ed1b974f9233d3d641234,20,0.00 
Unexploitable,0x000983ba1a675327f0940b56c2d49cd9c042dfbf,20,0.00 
Unexploitable,0xeba4ce0d799fe901f3af52c0e0f088d026b11c81,19,0.00 
Unexploitable,0xd41ed6589df6484771d5c71dde0e84ede6356f82,19,0.00 
Unexploitable,0x2fce8f99787677b89c0986b17b25ccf8bd9fffd1,19,0.00 
Unexploitable,0x8b3934dd548be05022a8484ac41b8303ec4a88b3,18,0.00 
Unexploitable,0x84487e50db6317e5e834d89d0e81fd873462ea47,18,0.00 
Unexploitable,0x314495517f380ceb7c498a35739e40864240adcf,18,0.00 
Unexploitable,0x0cb77f92e1a0e579de555dc26e16820a93196d98,18,0.00 
Unexploitable,0x0746c91dd2d0d657b41f4411bd5535608755278f,18,0.00 
Unexploitable,0xa7827a793c236a0123d3553786f160da6905496d,17,0.00 
Unexploitable,0x8e4428008900589869a8d38c69d7b905823de144,17,0.00 
Unexploitable,0x66bcdb5b45fcfc2738c48f7c744db15b3bc86d21,17,0.00 
Unexploitable,0x8e9c2af280b1ce0c10b0d405585e33581d4c6184,16,0.00 
Unexploitable,0x7012ef33dcc79a7341ba05cf2c5699eaaa5e0d7d,16,9041328940067360.00 
Unexploitable,0x59670e7f172eafea08f44a308158c65e314a0df9,16,15269000000000000.00 
Unexploitable,0x39e568276531f17da3c76d54400cfd8300201652,16,0.00 
Unexploitable,0xd14b307a8a9f5dae852216d7860a6e302a533b2f,15,0.00 
Unexploitable,0xbca4bd443716376b6284c682608b6bee03040b01,15,0.00 
Unexploitable,0xad7e9b5b9d15f2b26464ecbe76065f033b126a6c,15,47050000000000000.00 
Unexploitable,0x83e5203cd3e372c9c926ccec510e612b8bbc739c,15,0.00 
Unexploitable,0x66581080e0c262e80a8d2f9aaa903ffd0d47c5c2,15,0.00 
Unexploitable,0x4f6bf962f8e16aa761b48e674f9034063c2b2d7f,15,0.00 
Unexploitable,0xce9e6662e8b8e9b675bc7d2d2bb0a8d0d43df70d,14,0.00 
Unexploitable,0xc9d46de506d91530631ba356a1a37c0b11327784,14,0.00 
Unexploitable,0x7982a79ee90eb3682dcee66e47ba79c1cba44062,14,0.00 
Unexploitable,0x62aeabf864e320eac39e1c8a302fc13a6204212e,14,65000000000000000.00 
Unexploitable,0x308af1c4759dcb9f2ac2accdcd301862702df40f,14,0.00 
Unexploitable,0x2284b99d8af776d9059b644bd0643a1a0f91deea,14,462622200000000.00 
Unexploitable,0x1acb54865e710c6cf8522582de51074d7de33339,14,0.00 
Unexploitable,0xebcf88fb2783bbb75b12df3f33627efa894afea4,13,1000000000000000.00 
Unexploitable,0xe117bb9d1e0fc6e859d9bf174c53baa7c673547a,13,2948375767000000000.00 
Unexploitable,0xc699d90671cb8373f21060592d41a7c92280adc4,13,2417595901821700000.00 
Unexploitable,0xb23fecec4202b868c228ac0a59cc12a9f93bd605,13,0.00 
Unexploitable,0xb113cc51d01dc3318d2bfce9abee4f6deff83656,13,0.00 
Unexploitable,0x90c2698721f9b96f23501f7a279137829cfc73b0,13,0.00 
Unexploitable,0x7d7415e984f21da7b2ccf7253e3198e7c3ab8dce,13,0.00 
Unexploitable,0x7d648eb91deec2e88f6437789793221c1b6557d5,13,0.00 
Unexploitable,0x71b7e3a3ff05224c1e38031b3d887657db565a20,13,0.00 
Unexploitable,0x3bf3b11023650d21140ba10c68a8a4dd0a372d3f,13,173000000000000000.00 
Unexploitable,0x3b57690f17e1724ecf7c7b691dd66564cd9da0ea,13,0.00 
Unexploitable,0x30b149e87fc634faaca4e46a807a04357b0816d7,13,0.00 
Unexploitable,0x2c125240e472e752bcfd1627ff7632b6c5265b2e,13,11098657750000000.00 
Unexploitable,0xf5b1d75f4415f853fef2466a5ab8e412d593dd44,12,0.00 
Unexploitable,0xbece02eea2e769674404791d5b8984898df45459,12,26875618001.00 
Unexploitable,0xb65e16b44a80c9c44addd56a5014cba2814a82d1,12,1696133834000000000.00 
Unexploitable,0x87cdabc87128476d84462eb9c5a67a7acfa7889e,12,0.00 
Unexploitable,0x13d76c81c7cc04ac1bcaf5229a3fccf4139dca76,12,0.00 
Unexploitable,0x0c5c553a0795db4b5e305ccf6c57fe885aadc0be,12,0.00 
Unexploitable,0xcdf35c3fe4ccfacb3b1bbedfe71ca3a5ff6f2db1,11,0.00 
Unexploitable,0xb152571e6b0e08302b241de918c6ae847390983f,11,0.00 
Unexploitable,0x9c1748249a6bc40c4d9b27853b216a075b5f6b9c,11,7541935250000000.00 
Unexploitable,0x4b17c05fc1566891e5a9220d22527b5aeab0e1d0,11,0.00 
Unexploitable,0x0fb3023b61cb3621e33f437dfe2b185e2236926f,11,0.00 
Unexploitable,0xff531d7874cab51b2661d6599d5f552edae3481e,10,10000000000000000.00 
Unexploitable,0xeece3bfd3c83715f1f801dfa6b735ac9093c5bc3,10,71300000000000000.00 
Unexploitable,0x947684f83de31701995d32b775f48fed356afc78,10,0.00 
Unexploitable,0x7c1d82a70285f11bffe5de9053f93af9d270c411,10,0.00 
Unexploitable,0x75cb629408d1ea387df0a1f755e0bc371a5fa036,10,112000000000000000.00 
Unexploitable,0x36aea5bfa4785f5ea33a5e6fe03e506826a5aad8,10,0.00 
Unexploitable,0x15240d2793532ada4ab25a96e98bc4fba151e52e,10,0.00 
Unexploitable,0x1234c5b2898ccc07b8ab5ac411225f071ca9d345,10,0.00 
Unexploitable,0xfefc38f1904970f3625d1d7f096db3786907e5bc,9,0.00 
Unexploitable,0xfad1f1549f979c525b03141ceaa65775cf56b724,9,0.00 
Unexploitable,0xe59015e2d097b545f0b1701c64310f98e3600495,9,561600000000000000.00 
Unexploitable,0xe3ec19c6c157f9a7d706791f70eb372e2158623c,9,0.00 
Unexploitable,0xe0d19ef19dcdc87d0f5418e5ffc69cd022b98cbd,9,172555860000000000.00 
Unexploitable,0xd6f3dab862a74aa4c01136826983e57c69f3b99a,9,0.00 
Unexploitable,0xd2df59cfcd5086264532936afde48a5312ce96bb,9,0.00 
Unexploitable,0x56d1d986d253652e92494140a096af68f9a00723,9,1000000000000000.00 
Unexploitable,0x35e44051799bd7cea091c4fad2cba9b37e364c5b,9,0.00 
Unexploitable,0x025dce2d39a46296766db7cac8c322e8f59cd5d9,9,0.00 
Unexploitable,0xf051a2f404435d3413337aae24171342fddc8571,8,0.00 
Unexploitable,0xb5b2b7a7089afcbcc990f2adf3384920cd1ad451,8,0.00 
Unexploitable,0x9d713e0a2f6a1c9650083ebca27f4520cd2cde8e,8,0.00 
Unexploitable,0x8f46325b00536da3714eb8646b10ed653d5b17f2,8,0.00 
Unexploitable,0x79f7bc05cb700c2645607f12d9781f2ca707e5e7,8,3267000000000000.00 
Unexploitable,0x5ddb0a73e96feecee5edd374c8f64074a6491b03,8,6510582250000000.00 
Unexploitable,0x4eb57a7a1b210835b4b1a05b74c3c25f27b4b385,8,0.00 
Unexploitable,0x42ad45966540294224ab09de86384021287bab2b,8,0.00 
Unexploitable,0x3d88fc5d3fb84caf45011a790a994928789c31a8,8,0.00 
Unexploitable,0x00b7e6cc402c19203783f1a8f4f4757cd5bc1dc7,8,6377551020408160.00 
Unexploitable,0xf8394e77472455a2cfa3c949c575741f36253997,7,79522795287552.00 
Unexploitable,0xdbe751f0bc8873604e8e9f9ac7ce63ba7c20ad2b,7,0.00 
Unexploitable,0xc8f1afa19f100db8dd2bdc96e49a03d4555433ea,7,0.00 
Unexploitable,0xc0d3a72edc15b4df241a49c374dd9ecd062655b0,7,0.00 
Unexploitable,0x87056fbdebebe8e45b0d2e750770402868410263,7,0.00 
Unexploitable,0x8672a7a41fb52011f09d2f73dca15d0ca4e13475,7,0.00 
Unexploitable,0x43d702ee5e08465522e93ae2dd39077aefd42702,7,3304135786764290.00 
Unexploitable,0x1045c18268c4d3fa0c88ad5b4c6a223339a006a9,7,0.00 
Unexploitable,0x0e77cb9d68b8bf3cc41561f8eda6c71e4a4b9ef7,7,0.00 
Unexploitable,0x06409b071a4338b2b8987f021a70ab552eb3bcce,7,0.00 
Unexploitable,0xfe99dfa5ba203a5757310589e1265f585b7abb27,6,0.00 
Unexploitable,0xf0ff1e6daeb276cee781fd6498f2eef5c66efc8e,6,0.00 
Unexploitable,0xe39a50eb53bf2d9cfae7dd6a33238d75468d54c1,6,0.00 
Unexploitable,0xaf0b926aae5a2efe2218fc5534ed61458b12fbaa,6,0.00 
Unexploitable,0xa7d10c91d2ddff49a8dc751d8400b6b4e245e227,6,100000000000000.00 
Unexploitable,0x9be0754df1f8ebf8d6a6fc86e0bf186aa3f7a4f4,6,914286000000000000.00 
Unexploitable,0x8b850e007736b24f7a81ad776d3e7e0a5c6df4d7,6,0.00 
Unexploitable,0x89ac2485449303a67dac802631d5cea8cb2c856c,6,0.00 
Unexploitable,0x7c89ad9388a6c603116b7ed4e581e1b24c1c4183,6,0.00 
Unexploitable,0x707b002aeaff95b8b57f0201d208dff2be78a9fe,6,10000000000000000.00 
Unexploitable,0x6b0d432e61e4dfc5cc50cef6185f45c1734987f4,6,0.00 
Unexploitable,0x64d581770b541b5609140232fc12f47bbe0fe6bc,6,30000000000000000.00 
Unexploitable,0x48493465a6a2d8db8616a3c7288a9f81d54a8835,6,0.00 
Unexploitable,0x424026544da2ff0cfb60aec1496560c28b47d7e6,6,0.00 
Unexploitable,0x40f59f9dfa4167ecf45c7c296fac0919984d8e80,6,0.00 
Unexploitable,0x1da73fc09ea07781482994036a0eecc7e6952dfb,6,1090000000000000000.00 
Unexploitable,0xfa814a9837c46c6c2065be983b546f56b19d2232,5,1000000000000000.00 
Unexploitable,0xdd5260833a1b02a75a34b022a76261d5aeac598e,5,0.00 
Unexploitable,0xdc1fb43fbfff3ee41fa32c11ca6bf61e63a154ab,5,0.00 
Unexploitable,0xd82d43faad24fab77bd54ab25b71fe9b4901b98c,5,200000000000000.00 
Unexploitable,0xd7faef6fd3d3e22037619a756221e38f7f2c9c62,5,0.00 
Unexploitable,0xbef44157a4afbfcce76db29353b6c103a03ed803,5,0.00 
Unexploitable,0xb150a5c1e3f5acca0afa9ebb6f0ef612ccba0842,5,10000000000000000.00 
Unexploitable,0xaf496ac0c015f5ce7a973cd9ac8e9fc53e4d9053,5,0.00 
Unexploitable,0xa59a9358fab46cec0448f511cff7700c8217063b,5,0.00 
Unexploitable,0xa4fd99a29b331d16305a1ff88fbfdfd30ba2a5d2,5,0.00 
Unexploitable,0xa0563728637703e456c57f21407da1b628ca86c2,5,974935769420267.00 
Unexploitable,0x91a973bee89225c6c186419b5bab1944fc5736c7,5,0.00 
Unexploitable,0x791d0463b8813b827807a36852e4778be01b704e,5,0.00 
Unexploitable,0x70c1d6d067465c09f539de678af013aad2934cdd,5,0.00 
Unexploitable,0x6d808d3e9175b316c0ecf2c3a35b55a8ddb10ad1,5,0.00 
Unexploitable,0x53f671aef0a803085f6e3a6c215dd88454394f3e,5,0.00 
Unexploitable,0x3badff9a8d103a60484b5669351337b2861571ab,5,0.00 
Unexploitable,0x388f984fb8efd7ad96bd54792e18ee560879e579,5,0.00 
Unexploitable,0x0842abbdc749fad6ce2335cf67c4308b35dfdb05,5,0.00 
Unexploitable,0xfd4036dde5151ff8535395b8521f480410dd2cee,4,0.00 
Unexploitable,0xebf8a19a681089bf9ea3c5583afa3479040e739e,4,0.00 
Unexploitable,0xe34443095f78099675b165f07559e9b48450c77e,4,30000000000000.00 
Unexploitable,0xe26e90598190a98c92c75204c9a4ecfe5983f8e0,4,0.00 
Unexploitable,0xdeab3860f4fcc198f4f19513d1b7fbf49e9bc610,4,0.00 
Unexploitable,0xda4d3539c4fa5b76c242f42a8a751cfa8d104b73,4,0.00 
Unexploitable,0xc8b659470262e757c6a7c009becf5fd33a0a9edc,4,200000000000000.00 
Unexploitable,0xc20f00395c347c15806c4d26ce74dcb8d9fa8f9f,4,150000000000000.00 
Unexploitable,0xc17aba26ac6324b834b8d0be9217625d47a00b5a,4,0.00 
Unexploitable,0xbd6a3418cb51418c94cc11d2d49012a2b79e10fe,4,10000000000000000.00 
Unexploitable,0xba6db65ce7a226a5fad3126302118cf8f5c50012,4,250000000000000000.00 
Unexploitable,0xa64f1c590f7312155b4936c583d835930fe822b5,4,0.00 
Unexploitable,0xa22699668370e409de77976623c75ac3c0b8dfc0,4,0.00 
Unexploitable,0x976cb57c207ed4fdc2457d1455d081a1241d5e07,4,0.00 
Unexploitable,0x95353d92cae5d9403583d2657af6d06843d7ec09,4,343680000000000000.00 
Unexploitable,0x81c8213193b12b8b4781d20a251a24a137a9c9e6,4,0.00 
Unexploitable,0x6a5e59fbaea3e07737fbafceb600cbde5a295f24,4,0.00 
Unexploitable,0x5773bb32cafe05c9e128d0d37e9adf00f29d0cbb,4,0.00 
Unexploitable,0x534984707be8fd168371a01e1265f4019abf42ad,4,124869490000000000.00 
Unexploitable,0x3bafb3af16203c817ee9208c6b8a748398dae689,4,0.00 
Unexploitable,0x32abccbed2189733a77b24f9899dc26afe5d4c36,4,0.00 
Unexploitable,0x25e3d9ed8f5c06f2b4d334294986894810619309,4,0.00 
Unexploitable,0x0dc11b7ed751594906bce3a7091952b30528ee7e,4,22000000000000000.00 
Unexploitable,0x092aad771c9000dd4340bf9f1e59d77766595588,4,0.00 
Unexploitable,0xfc8eeb3ab713c1bd98e16ae906d9a99fd7598632,3,100000000000000000.00 
Unexploitable,0xf48d72e5a2419c0c6f5822854b7bb7bf135d1623,3,445100000000000000.00 
Unexploitable,0xe0e9f0e95527aec81552a7f58e1f306e9af23297,3,0.00 
Unexploitable,0xe04d58ebda58687689a2ead277aa84d61e9b6f87,3,0.00 
Unexploitable,0xdf77e4a81fba17e0cc39dba521aa4167f388ed7c,3,0.00 
Unexploitable,0xd88577ed936819807612c0d4a17ade05adcdf1d3,3,0.00 
Unexploitable,0xc9c8ef2588647e6f5acb6aaee637264d2632609d,3,0.00 
Unexploitable,0xc29021a71f3a6c3fd9f361035d748b5f7912f55e,3,1590000000000000000.00 
Unexploitable,0xba6a643f02fad92124c936ad0f4e9b6889812881,3,1721637750000000.00 
Unexploitable,0xa97e65fbb5d1f9698a78f55e3a3529a74417ae69,3,0.00 
Unexploitable,0xa3ea961ea44bafa061fe7b2ece819d2a8ceb69b2,3,240000000000000000.00 
Unexploitable,0x8cbd5312a971e27564bad2fb590e49349cc3b88d,3,0.00 
Unexploitable,0x8b8aaf37e44e87cc1285a822c767104b28dc0d58,3,0.00 
Unexploitable,0x841ed5ac17f1531f4181e379a3fc19b4e4fd0f9a,3,0.00 
Unexploitable,0x800ad558649067ddbc1ff3610001417fb68f154c,3,30000000000000000.00 
Unexploitable,0x6865a7897e4e09a57da98a5cbdfdbf4709ec5319,3,0.00 
Unexploitable,0x5fd259a0e8ae9526e32cf775af5fa51c630b6771,3,0.00 
Unexploitable,0x5aa88d2901c68fda244f1d0584400368d2c8e739,3,0.00 
Unexploitable,0x55aa079e2fb0c8b68a0a08efbff3f1aa5472f1a2,3,0.00 
Unexploitable,0x525ba4b9fd788ce1d95990fc539329f98b9ca0d2,3,0.00 
Unexploitable,0x4aa76be138a6f65e411d7d3d33e8e1c14c4b3f66,3,0.00 
Unexploitable,0x38a224e8f38347411091bd02e6320021f916bcf6,3,0.00 
Unexploitable,0x30f1ec36200e9e9aeb0a5b9cc696215e25bea0fc,3,0.00 
Unexploitable,0x2ecf8d1f46dd3c2098de9352683444a0b69eb229,3,0.00 
Unexploitable,0x1b5c8afd9739c3d2af5a4859dec0482a6df7667d,3,0.00 
Unexploitable,0x18a99f760741da6fab83423d71ca7e6432a54d51,3,0.00 
Unexploitable,0x0c2291623c34347147c3bc55c296123c4003e3b9,3,0.00 
Unexploitable,0x07d85aa34e4d6082d7d18465ca7c814ff9405b9c,3,0.00 
Unexploitable,0x033cd75f262503e43c1350f1beb7ec88e0dc9e19,3,200000000000000.00 
Unexploitable,0x0002325fcaaac6ebf1254a626589147bde1a2394,3,0.00 
Unexploitable,0xfd1e3d3e641f224ce8e1117866cf3f01ed2d5d9f,2,0.00 
Unexploitable,0xfba8d67c720cf3a876fd1825329c33060ddbc2ae,2,0.00 
Unexploitable,0xf8d039575188d85b27b4250f3f81d270e10821a0,2,0.00 
Unexploitable,0xf70d589d76eebdd7c12cc5eec99f8f6fa4233b9e,2,0.00 
Unexploitable,0xf6c34b473305a5826a4bc0af7e77eba1eeb59a3d,2,200000000000000000.00 
Unexploitable,0xf51397513c3516effeef0e0f7332e05816135d01,2,0.00 
Unexploitable,0xee6a80246027dc4fecd789f06721dfa2f09503a1,2,0.00 
Unexploitable,0xee68907c93b57d57a1c4d60940ff1b310e18e467,2,0.00 
Unexploitable,0xeb1825cdb0cc0c7d7392d1c233f7785b81ce915c,2,0.00 
Unexploitable,0xe958c07e0359d57e04075411a891735f4c025775,2,0.00 
Unexploitable,0xe82f0742a71a02b9e9ffc142fdcb6eb1ed06fb87,2,0.00 
Unexploitable,0xe66c111d113c960dbaad9496b887d3d646e80bc4,2,0.00 
Unexploitable,0xe4eabdca81e31d9acbc4af76b30f532b6ed7f3bf,2,0.00 
Unexploitable,0xdd518cc04a9138e88937f0541b06aba3dad71e61,2,0.00 
Unexploitable,0xdb1c55f6926e7d847ddf8678905ad871a68199d2,2,0.00 
Unexploitable,0xd6f79a8ba756cc7babdc04c6715d65af297ce50d,2,0.00 
Unexploitable,0xd2018bfaa266a9ec0a1a84b061640faa009def76,2,0.00 
Unexploitable,0xd1b5cb3a6ea812c8c444e8d7d5692905df097c0e,2,0.00 
Unexploitable,0xce2f65261858bdfc4ac65bb166919b8d35a4c82f,2,0.00 
Unexploitable,0xc7f4ade4874e06a20fab9c5dc4f1dd8b6d85faf2,2,0.00 
Unexploitable,0xbb0002850a8b3f7cffefbe56804cf864332039d6,2,0.00 
Unexploitable,0xa64c988da5a1d36274b72b39dc67c6790fb1c1ad,2,0.00 
Unexploitable,0xa464ac0462471d522973a00bf621792daac0acf6,2,0.00 
Unexploitable,0x9eddc35580276ab10618f84f64c95b5ae19efa1e,2,0.00 
Unexploitable,0x950b6b04d4822492223694f64addf085fdcabd56,2,0.00 
Unexploitable,0x92e63be3a88df80f64ba4f829dd7ddf97e8b750b,2,0.00 
Unexploitable,0x8df8d68c2cc0604b45ce5b69d6556722736a18bb,2,0.00 
Unexploitable,0x8b3e6e910dfd6b406f9f15962b3656e799f60d2b,2,0.00 
Unexploitable,0x813a3b2f92a7533485f9ed678f979fa35155caa1,2,0.00 
Unexploitable,0x806a6bd219f162442d992bdc4ee6eba1f2c5a707,2,0.00 
Unexploitable,0x7b70ac49c8a88dabe9a9f5b2d5701d0a53b6e570,2,0.00 
Unexploitable,0x78c2a1e91b52bca4130b6ed9edd9fbcfd4671c37,2,0.00 
Unexploitable,0x74bb8da8b3a5b27e9ebb442fdb55eeb568b40b32,2,0.00 
Unexploitable,0x72b2670e55139934d6445348dc6eab4089b12576,2,0.00 
Unexploitable,0x722baa20d3b42fc1ec0b63fb84ba3fda47da4a26,2,50000000000000000.00 
Unexploitable,0x6ce18683c4b38ecba1804618d0e3578095d31eec,2,150000000000000000.00 
Unexploitable,0x6c7b36428b1644b476e392eb22f08d353416e586,2,0.00 
Unexploitable,0x6bb317c98a0087157461dee631257698250929fa,2,0.00 
Unexploitable,0x6846c829d6645590bc877674b98c465a26462143,2,0.00 
Unexploitable,0x6834ffe10a402560cc37033f06321b8a632041c5,2,0.00 
Unexploitable,0x663a516fe9b890a451935b6a8b9444f81a2730cd,2,0.00 
Unexploitable,0x65a01d5c37d18ad17a146624ea51c7be8e7dfe34,2,4791719650000000.00 
Unexploitable,0x64d11a4cf5d1450c120f19396f23c8862f373a9b,2,0.00 
Unexploitable,0x619543d933f7c39f1344325ea821db64d5e3069e,2,0.00 
Unexploitable,0x55654a38372617aedd583009f76e28700e48fdad,2,0.00 
Unexploitable,0x3e013fc32a54c4c5b6991ba539dcd0ec4355c859,2,0.00 
Unexploitable,0x3d4d78223f70ee4593f1f40dd68c6d08ecbe401d,2,0.00 
Unexploitable,0x3b975ffb04e799afdec54cee39dc7d623cebc2ce,2,0.00 
Unexploitable,0x26f4d39229fb6b5e3c2191db09ce9fa9dfd70432,2,0.00 
Unexploitable,0x1af0fb44b7831fe9d5ee7abbacc695c085492299,2,49300000000000000.00 
Unexploitable,0x15d0e6cedd8ecc39daa60c63a3a5830eeca7d720,2,0.00 
Unexploitable,0x14fe3105d0146d560987ee2978718b28bfbc3fcb,2,0.00 
Unexploitable,0x13133e75b38c1cbbef4aa00063fa5fd0188f9b99,2,0.00 
Unexploitable,0x0bf0f154b176c5d90f24e506f10f7f583eb5334d,2,0.00 
Unexploitable,0x09885361b44d31d57d59f5acfad97ba34d35876c,2,0.00 
Unexploitable,0xfd9815bcf3eda991864552b5c8b26f2be28d038b,1,0.00 
Unexploitable,0xfaf3b63b284db7a9c2ae0e432b1d336d0d778bc3,1,0.00 
Unexploitable,0xf891805d30cb36794f0c5e7bdc5979380eae10d0,1,0.00 
Unexploitable,0xf4857c5f56a0330317f67d08914b79c16ef6a4c3,1,0.00 
Unexploitable,0xf2c2d45779856d07a9928b2dfeb50c88f45abd7f,1,0.00 
Unexploitable,0xf0dfc51059b085f6ed0106f190e2d62300381259,1,0.00 
Unexploitable,0xe76c8e784e2ba2e15e9a520c17e2dc7f9455aa3a,1,0.00 
Unexploitable,0xe1efc1c66584dcb5f18f42aad7565c8d60bcb352,1,0.00 
Unexploitable,0xdc2b3787937965a2e64a0b8229e1e5c172857c9e,1,0.00 
Unexploitable,0xca4e51d78c1c41032b44923bbfa1bd99bcc194cc,1,0.00 
Unexploitable,0xca35885ddc8f0c6abe561a0e1dacc05a311cfb4e,1,0.00 
Unexploitable,0xbc353dc843078eb450ee31b8d402a9324068e33a,1,0.00 
Unexploitable,0xb0510d68f210b7db66e8c7c814f22680f2b8d1d6,1,0.00 
Unexploitable,0xaa43c925c6dac7a88f8aefb3b859adbcbfa1c600,1,0.00 
Unexploitable,0xa5a4e0f19aa936bed6d1b99b26c557d1e16ce5c3,1,0.00 
Unexploitable,0xa1a9733966c709172f7b13a644e69005f9466409,1,0.00 
Unexploitable,0xa138fdb33b51f8533b5e7a435f263ba9d4100c69,1,0.00 
Unexploitable,0x9f9f8611430796a699dd71233eedc7de0821ac9a,1,0.00 
Unexploitable,0x9b93fc8d64d746b837b8672022b459a3351859a2,1,0.00 
Unexploitable,0x9330c11cd9226e3ef97d2e99625d1f9096a68a5a,1,0.00 
Unexploitable,0x8973db8731b364985ffa4d6f579e0d1a022ad6e6,1,0.00 
Unexploitable,0x814b9f0430849bed282b0e2663f52b3031a3a3cf,1,0.00 
Unexploitable,0x77dd95f32b7271e21df733840849b5db410d2e1b,1,3790000000000000.00 
Unexploitable,0x75fcb62bc45acdb14cf2f37a2bdd30184249a1eb,1,0.00 
Unexploitable,0x74c67efe7a61b69f8931e42e34dda0a258d0364f,1,0.00 
Unexploitable,0x70f9eddb3931491aab1aeafbc1e7f1ca2a012db4,1,100000000000000000.00 
Unexploitable,0x70572a71c7422bfd18d4c9dde0408f6aa24b6ab5,1,0.00 
Unexploitable,0x6cc5cced6fa4ccab3d902d36a2c339fd12481abf,1,0.00 
Unexploitable,0x6b25ffd6257bd5dd4358b57e391520907d168c77,1,0.00 
Unexploitable,0x69a5b8f0a12269f3af7eb57278d78414a1a9eeb4,1,0.00 
Unexploitable,0x64a7f6e31224d9f0a27d4b7470c77144c4ac31a4,1,1000000000000000.00 
Unexploitable,0x63c30c6a200963dd36dbcc82423a075e587d41d9,1,0.00 
Unexploitable,0x62f6bb2ba75b13f67d993492fc14afbb6c4584c2,1,0.00 
Unexploitable,0x56099b93020bbc2596a09f2162f614a8dac8fea4,1,0.00 
Unexploitable,0x527d628c648afa62afc5fefb1b713b9007cdb1fb,1,450000000000000.00 
Unexploitable,0x4d10962c827881b7d40d338b3f898f4b18475320,1,2228200000000000000.00 
Unexploitable,0x48523d4c738591c3ae8bcfc3c5171991a15ad301,1,0.00 
Unexploitable,0x460ba527cbe7681e7edc93eafb08f8b1d18ca1eb,1,300000000000000000.00 
Unexploitable,0x4185bf06f956286ce1c6d75fa1bd56b0e96b3edd,1,0.00 
Unexploitable,0x4040adfdc283cb587dc959c2cd54910d22d26858,1,2000000000000000.00 
Unexploitable,0x3c7c6cad6ed499fc96e66d6b616a4c14de99a6e9,1,0.00 
Unexploitable,0x3a75a04e520252879589b8330b2f6832a1e63767,1,0.00 
Unexploitable,0x3855024445fada90ae1f418a095714cf4dc9fc3f,1,0.00 
Unexploitable,0x2c1ae3787f6adbc41a51e848799a967a07ddeed0,1,0.00 
Unexploitable,0x114b9b28dc6e4109d02e65912f3c90c77d3325d9,1,0.00 
Unexploitable,0x01ad3c7da8364d3f73d8ba6deb88c2add26a7837,1,0.00 
Unexploitable,0x0054187f0aef7b00c88ff590a9d968eb92baee7a,1,0.00 
Unexploitable,0x42d0b779f9c6831e414ef8555d6d325c4d48d2d8,4037,0.00 
Unexploitable,0xb919af95f358c8eca0bafc57ff5296b620128d11,107,0.00 
Unexploitable,0xb8c27c2d49d33975e31938577a0c35ea262889e4,19,0.00 
Unexploitable,0x6e843aefc1f2887e5b0aeb4002c1924c433d9a13,11,0.00 
Unexploitable,0x352dbba201af66f98a47f2b280bff45f9050dbf8,11,0.00 
Unexploitable,0xde2eeb9a693d49b7b42f26c13dcb0512c5073ede,10,0.00 
Unexploitable,0xb620cee6b52f96f3c6b253e6eea556aa2d214a99,10,0.00 
Unexploitable,0xe4b70dbef92648fa99f79b443fe207845645f54b,9,0.00 
Unexploitable,0xe87047bcde5f0bb777030d3384f5e25ac76707fc,8,0.00 
Unexploitable,0x4ec4142b862c798b3056f5cc32ab25803828c823,6,0.00 
Unexploitable,0xef511cd832613f77a6c6cc8ab5ce6a8b4181c9ba,2,10000000000000000.00 
Exploitable,0x70ab487ec48b4b9571d346348da0f10737d48a54,19712,9268593978180000000.00 
Exploitable,0x7abe2a84368af480ffd4beb7676133c30f37dc05,19102,250000000000000000.00 
Exploitable,0x8d80de8a78198396329dfa769ad54d24bf90e7aa,11799,0.00 
Exploitable,0xe9a3217b3e9c7384dd62c0159ab05ea00ab4093a,7970,5725770000000000000.00 
Exploitable,0xfd7c7c43bedfda1e7a50e15766c617ee3e10ce66,2533,0.00 
Exploitable,0xf76cc0be5aeb96c781b816c516905f30e980e0f3,2120,0.00 
Exploitable,0xb4d95449f1d4a793c7d32ab23a52ab58af5fe095,881,0.00 
Exploitable,0x3bb5e74f7ff56e0b64d326f8ec07236aa4a07260,744,347845575538273000.00 
Exploitable,0xa6a8114712c2eb2fa1807b9577bcb2787c07b78c,588,0.00 
Exploitable,0x9bd4830366e994e0e7d028fe9ae3644b76ff5972,531,868000000000000000.00 
Exploitable,0xf204af93aa5da4364e30d3f92ea1d259cd8d6a7f,311,0.00 
Exploitable,0x12365ffbaa6a4387ca536488a8cfbfbfb00b3919,304,0.00 
Exploitable,0x312cb5dfc8e5414422568d017b475a40a5fc4faf,279,0.00 
Exploitable,0xfec6896d1918232b70b1981d7f5503bc0b89522e,146,0.00 
Exploitable,0xd1670c55f5e68fede5fddd8ace64a3329f778b89,128,3490000000000000000.00 
Exploitable,0xb97045d92a6e724a260ba08e66028cf0d1672d8b,110,60492806250000000.00 
Exploitable,0x663a9eba94dad8ca08917549ceb10565dffd5351,108,1600000000000000000.00 
Exploitable,0xa5fccc3f1a4e56fda5a86f0fe8b7558881b67523,99,0.00 
Exploitable,0xdd8f1fc3f9eb03e151abb5afcc42644e28a1e797,70,0.00 
Exploitable,0xe2dd8cce2c33a04215074adb4b5820b765d8ed9d,61,2000000000000000.00 
Exploitable,0xfc5cda7a2ecdc31de3b060e988ddff7d000f66ed,45,10000000000000000.00 
Exploitable,0x0685afe5362f8618b0a7af17ffb894214e7859a0,41,100000000000000000.00 
Exploitable,0xeaa76f1f32ced565c78bf1d57546002a0b0d9684,40,0.00 
Exploitable,0x0ff1c3dd4b262a0324910a6e30caa182204d9163,31,1000000000000000.00 
Exploitable,0xbdde5531c539d543e668d9125c5a350df2bd5da1,30,0.00 
Exploitable,0xf76557d533e7adf2e74a9d9d8b833c73809ba7c1,29,151000000000000000.00 
Exploitable,0x2268003d92ff03be6ca6da029f8d8127fd2f617e,29,13260000000000000.00 
Exploitable,0xa4f902f57fd9ffcedf4de6cf7ebc86ea9f76b5d1,26,0.00 
Exploitable,0x1d82a5d97ab9ae460113e7134a96fb052c6aa5f1,26,0.00 
Exploitable,0x155d9a582385c4200789eae7bc15ecade732b425,23,0.00 
Exploitable,0x32cf691c1a07677e68af4b315fdb6a5fe65703ee,17,882820595658292000.00 
Exploitable,0xac355d24591c01ad44f8da36ec7629d275a2c6e1,13,0.00 
Exploitable,0xfe8ef81f8f4ce0ce8f8b3077264ea3e9ce958605,11,80000000000000000.00 
Exploitable,0xcd37c2b62cb8a0633fc75452b01bb1fe80ebf4ca,10,0.00 
Exploitable,0xfc62a32da21052fb3086e8f68ad10a7118a98606,9,0.00 
Exploitable,0xd8cb4151fce62b3d08269343a79dbcd6f83d3405,9,0.00 
Exploitable,0xac3872335ad27ec5b4d2b7d14058be4ef21011ff,8,0.00 
Exploitable,0x137e531680b5d1f5645cd73a450323f1645d5034,8,0.00 
Exploitable,0xe8ce207631f9ac80688587cae05a159bd5356e78,7,0.00 
Exploitable,0xda5480f71bdf5a97bbff592df307be749339e4d9,7,0.00 
Exploitable,0x63d3d0215922b924c782c7b2a351ef8604e18da7,7,0.00 
Exploitable,0x325f89386b72087530440e0bceb8490d78b47f21,7,700000000000000.00 
Exploitable,0xa630823bd70ab8e8e2d6e62089d3837db1887bf6,6,0.00 
Exploitable,0xa60e456630a802bfb801a2a4202a820d74d687d2,6,13400000000000000.00 
Exploitable,0x735906d7ab237eeea06f4af86795bb4e0ec199e0,6,0.00 
Exploitable,0x38cc097351907dd2ec87ac7e68a81a2d6ebb3e3e,6,0.00 
Exploitable,0x129e719c424a7a6fbdeb7ca3d65186892d54ea8c,6,0.00 
Exploitable,0xf7cb4bd18057abdefc366b50f3e1a356277cd195,5,0.00 
Exploitable,0xbb51397fb8d3b91a08eff3c34d5c869c1d149ec5,5,0.00 
Exploitable,0xa2016c28291a9a460095ada5c52c88cd3fd9a656,5,0.00 
Exploitable,0x81120e83bab1a24793406efd90c160be3f34b7e2,5,0.00 
Exploitable,0x704079e823e42a936bbaac5163434c2515473836,5,0.00 
Exploitable,0x59434a7b9aeebe94045d3715aa020f6a1d7875ad,5,0.00 
Exploitable,0x4e1833a4a67ed1c8cb0ffc541ab7291c02d2fd06,5,0.00 
Exploitable,0xed710216da4b1416a78768790ca9aa3633ca110f,4,0.00 
Exploitable,0xe6a61590237415230c8412d818a13ce7f64ad789,4,0.00 
Exploitable,0xc399a8814e1fbb3095df330f8ff7f4916247ef94,4,0.00 
Exploitable,0xb02a4c3fbad48c7c671d57ec6b8f5f3d0f2ee36e,4,0.00 
Exploitable,0xaa08632376f8c27d2928e9dbc0bb9fec64bf1280,4,0.00 
Exploitable,0xa79d6b9c152308e3f7df43b37247124055663061,4,0.00 
Exploitable,0x8fd01f54795bfda895a5916be36472a510c28640,4,0.00 
Exploitable,0x84d587cbd2c7f677f6f172fc74f444c665608879,4,0.00 
Exploitable,0x720e794b39f31f0c2746f688c655c7a637f04db4,4,0.00 
Exploitable,0x5ae96153d99dfdd7a6b471451afe0f564e10b934,4,0.00 
Exploitable,0x455729af8890a334b4f6cd6bb72c778922e42ad7,4,0.00 
Exploitable,0x2ad6bdedf16b32a925ba293ee07f9b3c1c5ab266,4,0.00 
Exploitable,0x12d7967525f30795c0d062b63a6b424f770e8f7a,4,0.00 
Exploitable,0xfac1c7270bc5b0664e27e7f2e82281d564aedf4e,3,0.00 
Exploitable,0xcea86636608bacb632dfd1606a0dc1728b625387,3,0.00 
Exploitable,0xce6b1aff0fe66da643d7a9a64d4747293628d667,3,0.00 
Exploitable,0xc21773ab3c3975ee4255afd24f84724b8166e5da,3,0.00 
Exploitable,0x9de841baea33789b88403913f8c4fb43213ab3bd,3,0.00 
Exploitable,0x9824b41766c3d41d2f8955d9e2552ca02a1806d0,3,0.00 
Exploitable,0x8f652dba54bc45d874220ed25782829b6f5ef30f,3,0.00 
Exploitable,0x8cc5d9de2c8df87f2d40d84aa78049ea6e61f973,3,0.00 
Exploitable,0x7d2610266b49933c7f5667ba2a5906fd769936f7,3,0.00 
Exploitable,0x5b39afa22a9debd9247bf84b68a79b8736c2ba4e,3,0.00 
Exploitable,0x4bc53ead2ae82e0c723ee8e3d7bacfb1fafea1ce,3,0.00 
Exploitable,0x4aec37ae465e1d78649aff117bab737c5fb4f214,3,0.00 
Exploitable,0x4a73d9fe078fa67601047f88c3e6c270602e5709,3,0.00 
Exploitable,0x43565c9500f19a13b86d6d5304a2d2e3b1b5e03f,3,0.00 
Exploitable,0x3caf97b4d97276d75185aaf1dcf3a2a8755afe27,3,0.00 
Exploitable,0x3b7fd4cbef5f57256c330d2cc2a190eed08c82ec,3,0.00 
Exploitable,0x35b5abaedeed12c63e04029120fa6bb084342b4d,3,0.00 
Exploitable,0x1e4122413c436a294b11ad238e2293de633f2581,3,0.00 
Exploitable,0x159d12806f4a826d383494de9a925c49472c15ad,3,0.00 
Exploitable,0x10b02709f7580e95305de959d857868bf8131008,3,0.00 
Exploitable,0x0d74fb34583d4e14bf9634bfd1887e86d3c1f139,3,0.00 
Exploitable,0x0d2a65ef3e4c3509f00a3576495bd237f5817520,3,0.00 
Exploitable,0xff45211ebdfc7ebcc458e584bcec4eac19d6a624,2,0.00 
Exploitable,0xfac4a535c005881273e7939a17d7c2fd44fbe115,2,0.00 
Exploitable,0xf7bd8e834475367e000904d3eddb6a4cfc599711,2,0.00 
Exploitable,0xf5ec7f2ff9a0f0b4ae9572a177a1f6851efa0c79,2,0.00 
Exploitable,0xeee95f7af91b4611c0a707a0012e3ba06f7ca8d9,2,0.00 
Exploitable,0xee1f0f9731ee93736e219598e6aa441ad36ffc61,2,0.00 
Exploitable,0xed42398a3df99e482039c2aec8000dba75296ee9,2,0.00 
Exploitable,0xeba567f15d2e3f117a186173de830601515980af,2,0.00 
Exploitable,0xe5d855dd040825e5ac99f39fc9bd2b4edcbabc5a,2,0.00 
Exploitable,0xe3ec74dbce6ee1d8680e38714b67ab5535c95bdb,2,0.00 
Exploitable,0xe3dd9bb9022c805660a2cd5914f89e92014229c1,2,0.00 
Exploitable,0xe1ccb3a5bae6fecdb9b60c0acf94989f48c10742,2,0.00 
Exploitable,0xde82658c23f034d71827c215fdfbce0d4e248ccd,2,0.00 
Exploitable,0xdda2044b39fdb4db77ac085866179c548e5d0f15,2,0.00 
Exploitable,0xdc626aa0bf99848fdffe293a9e3cdd64900ce2a6,2,0.00 
Exploitable,0xdb0f4715aba5eb7ad90da647e24eee5a33909fd4,2,0.00 
Exploitable,0xd933dd3fa43a9245a3c193c642470a2df0d148fb,2,0.00 
Exploitable,0xd871a7ce9bcf9cfbefbca3ede0ce53ba1787dfc9,2,0.00 
Exploitable,0xd26dae24a7077a665371d59de45e75331a51d27e,2,0.00 
Exploitable,0xcd5c245b57bf5469dab161f0e6928858f37b03c1,2,0.00 
Exploitable,0xc034cf94f7ced9c968cc75210d1b5ddaccacfbf4,2,0.00 
Exploitable,0xbe525d7eee572af084ec310bf9147f7922057e88,2,0.00 
Exploitable,0xbd53a4db4003c59070abbfa4e6c31afbf0b26843,2,0.00 
Exploitable,0xba7c312b0c49a307b2f33889482c64eb4d9f8d9a,2,0.00 
Exploitable,0xb37ee8c9b632877696740864b745c849ac073ebb,2,0.00 
Exploitable,0xb218d06a66f5b3454b7b79ed759741dc2bbfdac9,2,0.00 
Exploitable,0xb0d52e7db26cd5f39f6119375b7709653b2bb8bd,2,0.00 
Exploitable,0xb0bf9b2ab713162397d626eff05bbee339d00e64,2,0.00 
Exploitable,0xafc8ec8f7e2845752f9afc22e5801630aef4209b,2,0.00 
Exploitable,0xacda12d0520df621c452c95ebe2a9603795903b3,2,0.00 
Exploitable,0xaa0d8d61ad4a598da41b1c9fba3ecaed69023823,2,0.00 
Exploitable,0xa72baa9e9097e5913cf7d136c5ee3f06c6170ae7,2,0.00 
Exploitable,0x9d81adbad5dc8c4d474e080466d4741bec89df62,2,0.00 
Exploitable,0x99cf5431779a9c8523d145f40ada5d850b2c86c0,2,0.00 
Exploitable,0x97958fe320fa98d0cb8cda0efb647212b15ace2e,2,0.00 
Exploitable,0x878e6c6f9a86a1e5d313e7b872ccd109135e91b4,2,0.00 
Exploitable,0x7e4be0ab920b5cc42516f97da07840c58ac25474,2,0.00 
Exploitable,0x7aa9a93e0a4e0b97bbb05819239ea8a22fa85be7,2,0.00 
Exploitable,0x795fd7c53cf869a4f98cfc438a0abfaed195ba24,2,0.00 
Exploitable,0x7909209a3d78a66f6d71885f10b6ea7c6c58177b,2,0.00 
Exploitable,0x768ae39a73131d5032e3fb9f35cd6179c44d2d26,2,0.00 
Exploitable,0x70bf9df6967dc96156e76cc43b928a7ef02e159a,2,0.00 
Exploitable,0x6df766e4b524aa1d4b4b9405994ca69dc161da3f,2,0.00 
Exploitable,0x6799fbe6737d7e02d471ba5f21dd9f48621ee85f,2,0.00 
Exploitable,0x5e521b660fe8ac575f1d7201f2237724ee531f1d,2,0.00 
Exploitable,0x5838f878000fe44b6f6c677bbf839e12f097c147,2,0.00 
Exploitable,0x52682a037a8deab04e708055c751556a0840897a,2,0.00 
Exploitable,0x4fb8f24acffe934ef39c1aad3436ed3e25302dd8,2,0.00 
Exploitable,0x4c4757b23526ba13876f8ef3efe973618266e3e8,2,0.00 
Exploitable,0x480d18407daeb2e01aaff299077c52d89c8b2b56,2,0.00 
Exploitable,0x47f5ba33e7d9a3e14f975789357fe70f6cfad4f9,2,0.00 
Exploitable,0x472b477eac4c454c2a2b31cbf572776c1b23a807,2,0.00 
Exploitable,0x46651bc5bd32f0d5969074cc17b9635296fab901,2,0.00 
Exploitable,0x40ef62929748b3e045fd2036322880ef486e4454,2,0.00 
Exploitable,0x3fab284a3cd0a6d88d18d0fda4bc1a76cdacd68a,2,0.00 
Exploitable,0x3ad4fad3ce0509475e5b4f597c53cba38873cc46,2,0.00 
Exploitable,0x37c8da5a09a0afdce72371764473d88cc1374f61,2,0.00 
Exploitable,0x355b5c944b03cdf66d3e4bf5a4a2ca779d961650,2,0.00 
Exploitable,0x2e0794073ec7b08e40d80a41599bb31df042e4e5,2,0.00 
Exploitable,0x2d311dca8aea3d4f9c968a5f25d6a72f0e81f7ed,2,0.00 
Exploitable,0x2ca461e4597101cab27ed4ac9e3f1ceaa480f6de,2,0.00 
Exploitable,0x2992221bc5f79681635c2b490cca47cac0a2bd7c,2,0.00 
Exploitable,0x27f2bf478f7d0c431328a56005b68432d18f26c5,2,0.00 
Exploitable,0x27a8e297fefa4f15e856aea59ba9336e0dbf3c74,2,0.00 
Exploitable,0x1fbf025ad94dde79f88732f79966a9a435f2772f,2,0.00 
Exploitable,0x1c80bf91b30c17019149acdb5ddc3dcb89122c8c,2,0.00 
Exploitable,0x18aaad578e74913df4255c126f2a0bd9e3399ec7,2,0.00 
Exploitable,0x115bdbcc47c0fe7ed08c21badc3efcfdc5c76e4c,2,0.00 
Exploitable,0x0e2354b2ea4a6312009b228d5171bf6a02c51150,2,0.00 
Exploitable,0x09fb024e9927e46be9253667d32acdfc0d17a9ce,2,0.00 
Exploitable,0x08bc84c6beb7d3ce724273e485d85a6b1e6166a6,2,0.00 
Exploitable,0x042422bb2d8493e068684e4f880463bce6215ac8,2,0.00 
Exploitable,0x006ff3494c04680cfbf39b0396054486f3f6ad32,2,0.00 
Exploitable,0xf8cee9b80a7cccf22594614cb42c06600c03d0d9,1,0.00 
Exploitable,0xf37b53caf36852b367977090a36c5d762486607f,1,0.00 
Exploitable,0xe9ef26c4e9761e2305f455a0e0d4cd286e2d13a1,1,0.00 
Exploitable,0xe3d085b7bdf97c6d003abcec2003b9c5b120d616,1,0.00 
Exploitable,0xcac14364754336d9759caafddef8d662dcca06a0,1,0.00 
Exploitable,0xc7e454770433c071dd1863eeb27fb7e1adbd3361,1,0.00 
Exploitable,0xc78f0fdfb708689cbe6629175b66958eaa89e7d0,1,0.00 
Exploitable,0xc77081641129a028d622f85671ea172ac5595938,1,0.00 
Exploitable,0xc4800a268467f35ea06b1aa944fe7c510ecb88aa,1,0.00 
Exploitable,0xc1574ab95106621686d6e480f378d79c0442fe33,1,0.00 
Exploitable,0xbd4c9ab2f3e241f1291d55af51cb0d949077b591,1,0.00 
Exploitable,0xbb39d3ffacc15270caafcaa81f0a4a95d7e0247e,1,0.00 
Exploitable,0xba21d6cff33978e0696fdd2f2262a6b1b667f506,1,0.00 
Exploitable,0xa9aebbf67433e3e8206af6fc2ddd99ff8e7cc137,1,0.00 
Exploitable,0xa379eda47d90fb4bc2dfa54556421ff0f198ca47,1,0.00 
Exploitable,0xa0f9e5283fbf6d735e1e3a0f724ea6cccc13c27a,1,0.00 
Exploitable,0x99b001735036d937b4a11c17a9a44f86fbddf4d0,1,0.00 
Exploitable,0x91d54d763d84cdc15007de426492ee1ac582bffc,1,0.00 
Exploitable,0x85044611b5954739dbde0ccb9aae6bb18e38e38b,1,0.00 
Exploitable,0x808a461b5ff65b78e93344785a71d72ccfc68629,1,0.00 
Exploitable,0x7c52974b6eb8af0ddf874b3c4e03aa9a791d9632,1,0.00 
Exploitable,0x76dc101cf28c5268f9562a281e9b720b7b7d6e2d,1,300000000000000.00 
Exploitable,0x4ca675d62a05c451555c93e456f902bd3e423586,1,0.00 
Exploitable,0x49563f8a6345e07ba92cde5becbf44e104047321,1,0.00 
Exploitable,0x3cb33dd3663ed9afb50c9aa9fa424f55a7c24fd3,1,20000000000000000.00 
Exploitable,0x3b048ab84ddd61c2ffe89ede66d68ef27661c0f2,1,0.00 
Exploitable,0x39a7287c05c2ea32e4055b588494fa1f89fafb96,1,0.00 
Exploitable,0x3668eba58190c7bb2d63cb484467ff0a42fb3367,1,0.00 
Exploitable,0x349d9314154ef0999facdbbcea2d9737b0529570,1,0.00 
Exploitable,0x3280660b3bafdad41a774938ab5a34ae463edbfe,1,10000000000.00 
Exploitable,0x159d2829613b0fe363e462b218c695c6eae0a5e1,1,0.00 
Exploitable,0x1237b26652eebf1cb8f59e07e07101c0df4f60f6,1,0.00 
Exploitable,0xd07ca71e770ecb9c88da987dc5e9950ec50e67a6,1754,0.00 
Exploitable,0xe6de3695e05e30733d012479137d444e4e9717e6,2,0.00 
