final_label,contract_address,tx_count,eth_balance,creator
Exploitable,0xbc2afc039d2bfa67d582ac181dab5be17ec91f82,17229,0,0x1e17a75616cd74f5846b1b71622aa8e10ea26cc0
Unexploitable,0x965cc3eaeb50fbe7397a47ed54a01b7a9cd600a9,12501,0,0x1dc57c68bebcbbeca4e39bf6ed39b184033f5935
Exploitable,0x4a15d47087433f44d931a0dcc4161ea6d98633a8,1714,0,0x042fff722498adbd2c0d634041532314ac0594c8
Exploitable,0x0a6f0c541be542c098b7ee03c9c634f20bcf8422,680,0,0x9d054cb8cef265fe0d8c1272d48951c6cd7cfc09
Exploitable,0xd459852e273ee8bce1ea9fefa1ddc85ca8e169c3,624,0,0xa6e4ffa19b213abea258ae72e8e1a209b9e543e7
Exploitable,0x3bcaf56923335062e8f272d011efd2e40fa42147,130,0,0x7daea2c171a4865039dd813cb4d7003343a378ad
Exploitable,0xbc2ea5527586346bde95136c3ea99d699d55443c,65,0,0x3bdd582a90880ab1facb626ac33b6258b52b34b1
Exploitable,0x69c8f4c708a8b66aa900506041b1d39f56ad31ec,52,0,0x8c070c3c66f62e34bae561951450f15f3256f67c
Exploitable,0x4c478ac32725872e30bca49957abc7dbb325cb21,50,0,0x95b5758e6ecebd8654f8dc8d1db1f04f499bc86e
Exploitable,0x20B3d3F8a3E4F7B23382D844F2cA1D7026d69479,46,0,0xa3b9c25099eb624c1e5d59c69d4a2b06242b2f42
Exploitable,0xb52511f49f3ed76ad1f77998985ee452f29ba0fd,44,0,0xf12e1e1a9c35c5a9c20120f4c7164824e76bb04c
Exploitable,0x82577BadedB1cE4f0B804C69c9c46025e3BcAF57,43,0,0x9f9a4444517adafcc364644d9a6ac37a225158f2
Unexploitable,0xd0a6073c6dbb6c9097d3b3d58ff9e1b522b5f972,38,0,0xb8836928b5b2431c89646dce0bda19508cf9c2d5
Unexploitable,0xde74d4ba2f84fc7c69099349a242fb561a79b012,36,0,0xb8836928b5b2431c89646dce0bda19508cf9c2d5
Unexploitable,0xaa548618371d95cb0cb211bbbf37b26be3c744cc,26,0,0xc698649c2065539f2cec8fe63be19d4ef3c92aaa
Exploitable,0x77f54e6a0ed49e8ce5155468feaec29368b10465,25,0,0xb8602096588352c9674a77bcfc13bbd0c37bc2f8
Unexploitable,0x5170a14aa36245a8a9698f23444045bdc4522e0a,22,0,0x3c19388ee5d41c4ef856b2980d8406565d5cf2b5
Exploitable,0x0436d3110dee47f177bb5d9b7ea5ce5d712522e8,21,0,0x6e05a1e94a743e474394526d33e419ab136b4481
Exploitable,0xf8b7078d0f81dd8244e3b78206fe4ef01ee36764,19,1.00E+17,0x8948e4b00deb0a5adb909f4dc5789d20d0851d71
Exploitable,0xf0cc17aa0ce1c6595e56c9c60b19c1c546ade50d,19,0,0x005b52b14ebdcc8b85764d97505443eb0dd303ab
Exploitable,0xe78a4ed7a2d50c7206fea45dd7418b71a6de943b,17,0,0x00525dbec88760a6826b6aa54468395faaf65a01
Exploitable,0xc2438ef1d2f2c1427bf0a39f02dba6a4a9de4793,17,0,0x005b52b14ebdcc8b85764d97505443eb0dd303ab
Exploitable,0x220348263aab5a038845483f6096895aa59f3977,16,0,0x67e99fe13aa65cf44eb4312e6e2c9846d3b1300b
Exploitable,0xc710772a16fd040ed9c63de0679a57410981e3fc,15,0,0x00525dbec88760a6826b6aa54468395faaf65a01
Exploitable,0x91151abe8cea8ee574b50cc01c18ce36cbba3195,15,0,0x005b52b14ebdcc8b85764d97505443eb0dd303ab
Unexploitable,0xfc3c1c0550188c649f70e78787c8cd9ff9d3b8d4,14,0,0xd5b1e4a1eea2bc3139fab6fdf505f52ce09f495e
Exploitable,0x3e365d13828c398d1bd1694adce8998fd0139ba3,14,0,0x005b52b14ebdcc8b85764d97505443eb0dd303ab
Unexploitable,0x0cb6f0a13f25afb4adef19736a7eb338dc52333e,14,0,0xd3ebe8ce46e906f2d4992c0f883beda11306edf5
Exploitable,0xffc80f7403ff8c1aee200ad110fe0fa28d213445,13,0,0x007e85ff4d8fc8109a0bd8aa651825297480167e
Unexploitable,0xf1e6b7f94bb0d70d8a19187f684e4270b0a0c989,13,0,0xe41e279a8e956a1852d46a09f7404f2451b3fb4a
Unexploitable,0x25880982dcf61796e426280493a47a14c244368e,13,0,0x53c89f5c240a6fa9c0474cdb88ad7d2a0ee3a949
Exploitable,0xee045942b043b92cca0c454a553649eaa80873ea,12,0,0xd7cd4ab4b6580a642d1a8ad78a60b12eeb07d6da
Exploitable,0xd71a90c6903c698b643ac007a7a279f34e444dc3,12,0,0x006cee1bc850c24b967081289772c8aac02eae34
Exploitable,0xcce9a33837b009fd315f8de92e836e09bd73ebbe,12,0,0xb33c476b11ac5045cfdbe5ac8379bfdccc690966
Exploitable,0x1d8cd6eab10ab7d673fa7b4c5f93fe167953d4f9,12,0,0x00525dbec88760a6826b6aa54468395faaf65a01
Exploitable,0xddaabbeb621fb90c8b10432783f228ff7f888b5f,11,0,0x9a965e5e9c3a0f062c80a7f3d1b0972201b2f19f
Unexploitable,0x97a64e9e7a2d4a2c3e810c41d8842d673d32537e,11,0,0x13a0e9ae47d1d9be8a5fb10a73e6c1193e88328f
Unexploitable,0x3023868433f6086cd8ce0c4083fe2e11b37ce0b7,11,0,0x2cce3b342cc3c8480b5084d1584329ce90ed1f4a
Exploitable,0xcb8d1c16f97f86b4aaa400a50771bc958b9ba116,10,0,0x006cee1bc850c24b967081289772c8aac02eae34
Exploitable,0x23ef38333a7c0900e48ca43da46b07812c4aa1c0,10,0,0x8948e4b00deb0a5adb909f4dc5789d20d0851d71
Exploitable,0xfaed5aaa89d6f76a2e64cc7985f7b33d902574de,9,0,0x07fe2c0849a00f111420d593e1b2866e6fa66231
Exploitable,0xe14f29c22f47d1ca8dda796a6718c6bd0be0b3cf,9,0,0x0059f6e71a81c1a84b469e8e72a854e0b382fd9a
Exploitable,0xa3389a7bf3ab7b090e171f838034d12f8d3faa98,9,0,0xd57e611ea88d6a3a3b6fdafdb3d1247b72e8253c
Exploitable,0xf01b26626550448606de2b6e7eeda1216d9cd239,8,0,0x4c5d24a7ca972aea90cc040da6770a13fc7d4d9a
Exploitable,0x11fc42be8b14aeecfc371af217c4648e6423fa60,8,3.30E+16,0x945c84b2fdd331ed3e8e7865e830626e6cefab94
Exploitable,0xed29ff5874fa64dcf47ed7dacb770857a5d164fb,7,0,0x005b52b14ebdcc8b85764d97505443eb0dd303ab
Exploitable,0xbddd99e8aaeb85847703c31a83277856d49961d9,7,0,0x005b52b14ebdcc8b85764d97505443eb0dd303ab
Exploitable,0xbdb0b3f3b4c154f55006ba428790dcb19391a7e8,7,0,0x00dd0248927ebf767ef1a3349b8b8ea98ea29055
Exploitable,0x380e0f015c0a830dc5d25e5f99570ad0be275350,7,0,0xdb6794aca55ce8b87caf3d626dd4a7c758924b4d
Exploitable,0x1b1c789fccdfc6a7b1fef651a1464043f0a38ada,7,0,0x007e85ff4d8fc8109a0bd8aa651825297480167e
Exploitable,0x199912bebec44bc0da3bd0fb1da1f6879324e920,7,0,0xb2a966ca443c3f44341584b0f7372b5ee2fac67d
Exploitable,0x05dab93a76f33fdb225e0a05cafbdd41612b88b6,7,0,0x4c5d24a7ca972aea90cc040da6770a13fc7d4d9a
Unexploitable,0xa55e851322e8f272f1db1676ae19cb5711d0fb52,6,0,0x310bac40376b399d87b4361830409b1ccdb0c5ff
Exploitable,0x660fcb0834b1293117d472d65186534acf75af4f,6,0,0x007e85ff4d8fc8109a0bd8aa651825297480167e
Exploitable,0x23e6311dd0eb3556b300404f0cba576d504be223,6,0,0x78a1847e2f55a4fe97257d3137d78acabe6524ee
Exploitable,0x2255188f4ed5c42ee41469d0f858d7bd0209bcaf,6,0,0xa3ae668b6239fa3eb1dc26daabb03f244d0259f0
Unexploitable,0xf350cd899e6465013c038ca98ab77dda769d2f2a,5,5.00E+14,0x94535ed7c485a8d173d5480c01f26a47b23b4cbd
Exploitable,0xb8aa8971e9201d183d1dadf5acc5c3f6b3076bc0,5,0,0x00d29a21429ad90230ace2b9a1b25fa35bb288b8
Exploitable,0xa16cdcba1d6cb6874ff9fd8a6c8b82a3f834f512,5,0,0x007e85ff4d8fc8109a0bd8aa651825297480167e
Unexploitable,0x9eead2301792af12115d125c48966246e5b455a1,5,1.18E+16,0x89a8f5f337304eaa7caed7aa1d88b791f3d8b51d
Exploitable,0x65c52ae9b15dd6f30902e9f8164c91e912ee2be3,5,0,0x006180cbfc54228b5c372882f39812565c918d6b
Unexploitable,0xff08da5add3e994788a572643dc5a91eaec0636a,4,0,0x12029463edc585a8688b72f82a084e1e735fcc88
Unexploitable,0xdb7d806d1480e80138e758ea827998deb886e7c9,4,0,0xebf8fbf82fdae3256e92ba1b1b1d00947a75a376
Unexploitable,0x86e90722af401fec5fa103ce036dd82a2574f85b,4,0,0xebf8fbf82fdae3256e92ba1b1b1d00947a75a376
Exploitable,0x5c8546a7b86ba30202c09a84f5a72644a2a4f7ba,4,0,0x00b1431750b159a67fff0b59dddba8fd8831ba10
Exploitable,0x3ac0d29eaf16eb423e07387274a05a1e16a8472b,4,0,0xd777c3f176d125962c598e8e1162e52c6c403606
Exploitable,0x3a6984181f49c9ef64ada32373e736db0c9f1078,4,0,0x5b655eda7d101f98934392cc3610bcb25b633789
Unexploitable,0x223b0ee581719d4c6ae36f1ba1dd4101e5409c1c,4,0,0x310bac40376b399d87b4361830409b1ccdb0c5ff
Exploitable,0x126ae85a1ebf49dc946224f5268c6bd8338d49ae,4,0,0x00005a9126b9d95f83efc8da0aadffa7e4c81b52
Exploitable,0x973c2178b09225d1de3ab037d40b3f24af696255,3,5.00E+17,0x4c5d24a7ca972aea90cc040da6770a13fc7d4d9a
Unexploitable,0x7cfc4442dd96d6f85dd41d458a13957ba381e05a,3,0,0x00d29a21429ad90230ace2b9a1b25fa35bb288b8
Exploitable,0x75738fc16aef19ce08479ae9c7976498dd320be3,3,1.01E+16,0x1bed54b4bc8e132d8b6ecac041ca2accbcf4cbcb
Exploitable,0x53c57ab46d88992e26a5fdc3208aae0b4221ba16,3,0,0x65317bdab3650bd5f9b098d1a7fb033047e3c32c
Exploitable,0x4a94ad34b0fcd51d0e7425dc37c9b18f6eca5424,3,0,0x5f2d609fd60827e6f6fa7ca46f1ff329c8f714b9
Exploitable,0x3c840e8a7b4e28c12071fc92108b2d8a266d2c9b,3,0,0x2566190503393b80bded55228c61a175f40e4d42
Exploitable,0x33f00114d5aca3dee03189d4ed9d4f886dad84b0,3,0,0x945c84b2fdd331ed3e8e7865e830626e6cefab94
Exploitable,0xf2e88e0bfe61e5e41d9317e82c6938e67a913cc1,2,0,0xd57e611ea88d6a3a3b6fdafdb3d1247b72e8253c
Exploitable,0xd1b5cb3a6ea812c8c444e8d7d5692905df097c0e,2,0,0x5c9d8ed10c263f1bb02404145e7ce49cec0d87f0
Exploitable,0xa6f897fc27b91fb3ae4819ce3430a203c878f74b,2,0,0xd868711bd9a2c6f1548f5f4737f71da67d821090
Exploitable,0xa2cc011e7b1baa8fc99e654e0383b691d884ca47,2,0,0xf5bf74cf53e9ae6a0598dc7e9ed21158c7ad5905
Exploitable,0xa2562cd0d8620dc2bec07872ecaadd4b6fbdc02f,2,1.54E+16,0xa6bfeb0972372299b87947af387565dc432f04b6
Unexploitable,0x968f5d1cf4fb75dd8c2a4ef8ffc701b2e935942b,2,0,0x310bac40376b399d87b4361830409b1ccdb0c5ff
Exploitable,0x95411d0acaa34aaaf85c0ea55a8fde2cefb3d610,2,0,0xe177c5edab8e026b1c798e43fc6e8c7450cbab47
Unexploitable,0x8fd1c78ed8b3de2a025373b2bbd820c03939f760,2,0,0x310bac40376b399d87b4361830409b1ccdb0c5ff
Unexploitable,0x8d7ca5fc297cad2fb05efa3d35bd911a96550580,2,0,0xab10b4a7d034b4038a838dbd0dd04cc86b12e9a8
Exploitable,0x8b71843e8aec78ec376cbb460e218646f8fa8e80,2,0,0x61c808d82a3ac53231750dadc13c777b59310bd9
Exploitable,0x7a0ec191d8f44f3bc3cbb4d1105ced31c30ff492,2,0,0x00005a9126b9d95f83efc8da0aadffa7e4c81b52
Exploitable,0x7615882d2c0dba1913623c5a4c50fc345723d013,2,1.00E+16,0x801a8b8855404776b74e9d9ce0a2a4a3c5fa83e2
Exploitable,0x73f2fd0df4bf82a1137c03e0d4656e5c35b03177,2,0,0x310bac40376b399d87b4361830409b1ccdb0c5ff
Exploitable,0x6ec75c4eddd6838049478ac386dacd74d53c22cd,2,0,0x310bac40376b399d87b4361830409b1ccdb0c5ff
Unexploitable,0x6e5b7f4e908b6e55c8f8bd699487825666d3c1dc,2,0,0x310bac40376b399d87b4361830409b1ccdb0c5ff
Exploitable,0x31710812a91c9cc695750a8d47fad1bb1d3a8f7d,2,0,0xc786917536b57fb78e1b3d14bba6806b9b1df1e5
Exploitable,0x29d6cf436c893c7e44ea926411d5fd4dd763d9b3,2,0,0x3d9b4e669dc33aeefd1694aa442060cfefa1928d
Unexploitable,0x2071561e9376c897f0031635833012ff6e3db9cc,2,0,0x674f3d63dada1dc297a64c8afb79ca75721bfe6c
Unexploitable,0x05cd27a978fc9f9919a5f4c5c03e5947ed7d4c4d,2,0,0x310bac40376b399d87b4361830409b1ccdb0c5ff
Exploitable,0xfb774ac09c2cb7a6f47b4d8367293820e4b4c660,1,4.18E+14,0xebf8fbf82fdae3256e92ba1b1b1d00947a75a376
Exploitable,0xf982d94c1077349fe8db61ef49ef0ba7c6e11774,1,0,0x1aa98ba05b3021e7c116792857321bc02f02eed0
Exploitable,0xf8a5f0be78b60ecb992a1765661d67c27d7a1a2b,1,0,0xf71E9C766Cdf169eDFbE2749490943C1DC6b8A55
Exploitable,0xf5c29f2843e79f6482f19861111a2f3540a84e7b,1,0,0x68dc34fcb18a400dd2664571c77d94793404f7c1
Exploitable,0xf3b8ed45284a7eee12bbfc373dd40f56fee61253,1,0,0x1aa98ba05b3021e7c116792857321bc02f02eed0
Exploitable,0xf3319a43b922e2ee5c33fb83b8a860344d8279bb,1,0,0x06bb7b2e393671b85624128a5475be4a8c1c03e9
Exploitable,0xea483a51abbb216bf7f35b7a8d7eb7f040fa2e4e,1,0,0xebf8fbf82fdae3256e92ba1b1b1d00947a75a376
Exploitable,0xe75df3c68906f6adbe17e87d4e22509fde24c339,1,0,0x20c62701345b727ef8a4cbb61ddc9764cd9d2634
Exploitable,0xe3799a10a698cbb97f4f87f82f0198b394c9c528,1,0,0x2B1CE95573ec1b927a90Cb488dB113b40eEB064a
Exploitable,0xdf861993edbe95bafbfa7760838f8ebbd5afda9f,1,0,0x0f08f5cf0905498ac6a8b5ff3d4c2acb5ff447f7
Exploitable,0xd7c6d542f3dcdceda845112b8fd567b8f8655805,1,5.00E+17,0x4c5d24a7ca972aea90cc040da6770a13fc7d4d9a
Exploitable,0xc4f67ffbdfd80cc8e1cceb1c4f51bac74eeda71d,1,0,0xec3281124d4c2fca8a88e3076c1e7749cfecb7f2
Exploitable,0xc45a3f5c584592ec595b630f5eca707a727abead,1,0,0x88fbc8c0f644e618fdc017bc0ab4c42ace89f75c
Exploitable,0xbc307b1dd32f61637e8a47106e1ddd1300f28405,1,0,0x7d2f9dde219eb3fd0239c558c586ba6578618364
Exploitable,0xb6fd124ca6eceb00b747947a065f31392eec4572,1,0,0x5c49aa6f9b123317d02908bd0d3111356becd7cd
Exploitable,0xb1a787a25f614f0c643a27877a0e8f7c363c255a,1,0,0xec3281124d4c2fca8a88e3076c1e7749cfecb7f2
Exploitable,0xb03e9255f4aff415f458a399eb22d965ee5fd729,1,0,0x4cf6e830c9423522f85ef96ab1cfd2edeb39a3ad
Exploitable,0xacb60799cec3ea1cf4797c1edc39dad6d0395943,1,0,0x5f2d609fd60827e6f6fa7ca46f1ff329c8f714b9
Exploitable,0x90208ed59c79a01ea744b4c7f13c267d6383a2ba,1,0,0x5f2d609fd60827e6f6fa7ca46f1ff329c8f714b9
Exploitable,0x900448f2f4c0dc2805d1183a6f947f38d5db79ee,1,0,0x8580df106c8ff87911d4c2a9c815fa73cad1ca38
Exploitable,0x8b0844ce2a0c718355128b3f073a0c833e1d6845,1,0,0x092a9562724dddcba7dd6d34089a8ab88d50721a
Exploitable,0x878142b10f5bbd1a3efd8701c4f1cc7001fb9dde,1,0,0x0ce05ae1a8d21314ea15069d1e84e723a6ce626f
Exploitable,0x86f14ef10cc13e7f618785d6f33f88208a8e6ffa,1,0,0xec3281124d4c2fca8a88e3076c1e7749cfecb7f2
Exploitable,0x803838b44a07b1948abb8373c1eabe3e0152b726,1,0,0x75e6d4a772db168f34462a21b64192557ef5c504
Exploitable,0x7aef0c430a04d39beb4f56c434e828ef788db78c,1,0,0xf9958fC198163C10f34e931d93aBf7EF18762A2d
Exploitable,0x72abc3278fc7e8a1e1e7a1704db785e558325480,1,0,0xad64b7540dd038c36ee9db2c997ac44e6cfde2a6
Exploitable,0x64d63840cfbcb5a7320c4e104b116f6aa31ce08b,1,0,0x69e58dfd6f5f2bf0d1debbb47f7f1dbf889221c4
Exploitable,0x64cbf43c40448ac0afe21a3dd3530140d3503d91,1,0,0x6f99b403e1845817515a982b13b06d85cf33b658
Exploitable,0x5f15d2d4c60e229586a5bdfe2eec1981f92845c1,1,0,0xb7a38a63002f60ff347a5bacb9d1ca84a803391e
Exploitable,0x4ed184d6a9e449ecb984cb1fea7ed40db59439fd,1,0,0x2dae0eadbb9a2bc33a0bb174a54ebd77f205e691
Exploitable,0x4b56b693d7e2e3364b5154fd118b4d946722320f,1,0,0xec3281124d4c2fca8a88e3076c1e7749cfecb7f2
Exploitable,0x34afa7ff9a8eb4d8e61145ca81e2d0dab7b03662,1,0,0x3d5eaf8a58e7bc278a6c8ccd59837c685a95311d
Exploitable,0x2f976a5382c0c6214b3d8fe6bdc5379edd35d9d4,1,0,0x00A6232F89cBc90581F41573739456e87345111a
Exploitable,0x2a8c1742603cfa9ab2b300b6f0ffc46f49d35f32,1,0,0xd3be12394d78d65978c85f3d64b1cb9704acc8a9
Exploitable,0x27555d7292f22a65e24d7a45b17faa970a2cb20d,1,0,0xb1c8c71c6dcc8aba6cf1e87de5187ec853413b60
Exploitable,0x2044c97717a622b4d9462329db2497e69201623a,1,0,0x801a8b8855404776b74e9d9ce0a2a4a3c5fa83e2
Exploitable,0x19c630bb6d3e7c2cfe77e2a73627c9bee2db8ac5,1,0,0x8d2c9b6978b8192580dd1fab57d9f14050861640
Exploitable,0x1981716911e621d725b835ba0af776e5f9be0bbe,1,0,0x801a8b8855404776b74e9d9ce0a2a4a3c5fa83e2
Exploitable,0x11b46b435423599bf06f2e45e2e3343756e1317e,1,0,0xf845a8B5D8372eFc028eF78023d31D12C167e6aD
Exploitable,0x0be2ea1062e62632edb47772b8970ada04acd387,1,0,0x8948e4b00deb0a5adb909f4dc5789d20d0851d71
Exploitable,0x06ccd63315e43f973b45885485eba1ab3681732a,1,0,0xec3281124d4c2fca8a88e3076c1e7749cfecb7f2
Exploitable,0x02c4e38db3d48ec40ed4db512fb7bc8fe70c9833,1,0,0xec3281124d4c2fca8a88e3076c1e7749cfecb7f2
Exploitable,0xbc2afc039d2bfa67d582ac181dab5be17ec91f82,17229,0,0x1e17a75616cd74f5846b1b71622aa8e10ea26cc0
Unexploitable,0x965cc3eaeb50fbe7397a47ed54a01b7a9cd600a9,12501,0,0x1dc57c68bebcbbeca4e39bf6ed39b184033f5935
Exploitable,0x4a15d47087433f44d931a0dcc4161ea6d98633a8,1714,0,0x042fff722498adbd2c0d634041532314ac0594c8
Exploitable,0x0a6f0c541be542c098b7ee03c9c634f20bcf8422,680,0,0x9d054cb8cef265fe0d8c1272d48951c6cd7cfc09
Exploitable,0xd459852e273ee8bce1ea9fefa1ddc85ca8e169c3,624,0,0xa6e4ffa19b213abea258ae72e8e1a209b9e543e7
Exploitable,0x3bcaf56923335062e8f272d011efd2e40fa42147,130,0,0x7daea2c171a4865039dd813cb4d7003343a378ad
Exploitable,0xbc2ea5527586346bde95136c3ea99d699d55443c,65,0,0x3bdd582a90880ab1facb626ac33b6258b52b34b1
Exploitable,0x69c8f4c708a8b66aa900506041b1d39f56ad31ec,52,0,0x8c070c3c66f62e34bae561951450f15f3256f67c
Exploitable,0x4c478ac32725872e30bca49957abc7dbb325cb21,50,0,0x95b5758e6ecebd8654f8dc8d1db1f04f499bc86e
Exploitable,0x20B3d3F8a3E4F7B23382D844F2cA1D7026d69479,46,0,0xa3b9c25099eb624c1e5d59c69d4a2b06242b2f42
Exploitable,0xb52511f49f3ed76ad1f77998985ee452f29ba0fd,44,0,0xf12e1e1a9c35c5a9c20120f4c7164824e76bb04c
Exploitable,0x82577BadedB1cE4f0B804C69c9c46025e3BcAF57,43,0,0x9f9a4444517adafcc364644d9a6ac37a225158f2
Unexploitable,0xd0a6073c6dbb6c9097d3b3d58ff9e1b522b5f972,38,0,0xb8836928b5b2431c89646dce0bda19508cf9c2d5
Unexploitable,0xde74d4ba2f84fc7c69099349a242fb561a79b012,36,0,0xb8836928b5b2431c89646dce0bda19508cf9c2d5
Unexploitable,0xaa548618371d95cb0cb211bbbf37b26be3c744cc,26,0,0xc698649c2065539f2cec8fe63be19d4ef3c92aaa
Exploitable,0x77f54e6a0ed49e8ce5155468feaec29368b10465,25,0,0xb8602096588352c9674a77bcfc13bbd0c37bc2f8
Unexploitable,0x5170a14aa36245a8a9698f23444045bdc4522e0a,22,0,0x3c19388ee5d41c4ef856b2980d8406565d5cf2b5
Exploitable,0x0436d3110dee47f177bb5d9b7ea5ce5d712522e8,21,0,0x6e05a1e94a743e474394526d33e419ab136b4481
Exploitable,0xf8b7078d0f81dd8244e3b78206fe4ef01ee36764,19,1.00E+17,0x8948e4b00deb0a5adb909f4dc5789d20d0851d71
Exploitable,0xf0cc17aa0ce1c6595e56c9c60b19c1c546ade50d,19,0,0x005b52b14ebdcc8b85764d97505443eb0dd303ab
Exploitable,0xe78a4ed7a2d50c7206fea45dd7418b71a6de943b,17,0,0x00525dbec88760a6826b6aa54468395faaf65a01
Exploitable,0xc2438ef1d2f2c1427bf0a39f02dba6a4a9de4793,17,0,0x005b52b14ebdcc8b85764d97505443eb0dd303ab
Exploitable,0x220348263aab5a038845483f6096895aa59f3977,16,0,0x67e99fe13aa65cf44eb4312e6e2c9846d3b1300b
Exploitable,0xc710772a16fd040ed9c63de0679a57410981e3fc,15,0,0x00525dbec88760a6826b6aa54468395faaf65a01
Exploitable,0x91151abe8cea8ee574b50cc01c18ce36cbba3195,15,0,0x005b52b14ebdcc8b85764d97505443eb0dd303ab
Unexploitable,0xfc3c1c0550188c649f70e78787c8cd9ff9d3b8d4,14,0,0xd5b1e4a1eea2bc3139fab6fdf505f52ce09f495e
Exploitable,0x3e365d13828c398d1bd1694adce8998fd0139ba3,14,0,0x005b52b14ebdcc8b85764d97505443eb0dd303ab
Unexploitable,0x0cb6f0a13f25afb4adef19736a7eb338dc52333e,14,0,0xd3ebe8ce46e906f2d4992c0f883beda11306edf5
Exploitable,0xffc80f7403ff8c1aee200ad110fe0fa28d213445,13,0,0x007e85ff4d8fc8109a0bd8aa651825297480167e
Unexploitable,0xf1e6b7f94bb0d70d8a19187f684e4270b0a0c989,13,0,0xe41e279a8e956a1852d46a09f7404f2451b3fb4a
Unexploitable,0x25880982dcf61796e426280493a47a14c244368e,13,0,0x53c89f5c240a6fa9c0474cdb88ad7d2a0ee3a949
Exploitable,0xee045942b043b92cca0c454a553649eaa80873ea,12,0,0xd7cd4ab4b6580a642d1a8ad78a60b12eeb07d6da
Exploitable,0xd71a90c6903c698b643ac007a7a279f34e444dc3,12,0,0x006cee1bc850c24b967081289772c8aac02eae34
Exploitable,0xcce9a33837b009fd315f8de92e836e09bd73ebbe,12,0,0xb33c476b11ac5045cfdbe5ac8379bfdccc690966
Exploitable,0x1d8cd6eab10ab7d673fa7b4c5f93fe167953d4f9,12,0,0x00525dbec88760a6826b6aa54468395faaf65a01
Exploitable,0xddaabbeb621fb90c8b10432783f228ff7f888b5f,11,0,0x9a965e5e9c3a0f062c80a7f3d1b0972201b2f19f
Unexploitable,0x97a64e9e7a2d4a2c3e810c41d8842d673d32537e,11,0,0x13a0e9ae47d1d9be8a5fb10a73e6c1193e88328f
Unexploitable,0x3023868433f6086cd8ce0c4083fe2e11b37ce0b7,11,0,0x2cce3b342cc3c8480b5084d1584329ce90ed1f4a
Exploitable,0xcb8d1c16f97f86b4aaa400a50771bc958b9ba116,10,0,0x006cee1bc850c24b967081289772c8aac02eae34
Exploitable,0x23ef38333a7c0900e48ca43da46b07812c4aa1c0,10,0,0x8948e4b00deb0a5adb909f4dc5789d20d0851d71
Exploitable,0xfaed5aaa89d6f76a2e64cc7985f7b33d902574de,9,0,0x07fe2c0849a00f111420d593e1b2866e6fa66231
Exploitable,0xe14f29c22f47d1ca8dda796a6718c6bd0be0b3cf,9,0,0x0059f6e71a81c1a84b469e8e72a854e0b382fd9a
Exploitable,0xa3389a7bf3ab7b090e171f838034d12f8d3faa98,9,0,0xd57e611ea88d6a3a3b6fdafdb3d1247b72e8253c
Exploitable,0xf01b26626550448606de2b6e7eeda1216d9cd239,8,0,0x4c5d24a7ca972aea90cc040da6770a13fc7d4d9a
Exploitable,0x11fc42be8b14aeecfc371af217c4648e6423fa60,8,3.30E+16,0x945c84b2fdd331ed3e8e7865e830626e6cefab94
Exploitable,0xed29ff5874fa64dcf47ed7dacb770857a5d164fb,7,0,0x005b52b14ebdcc8b85764d97505443eb0dd303ab
Exploitable,0xbddd99e8aaeb85847703c31a83277856d49961d9,7,0,0x005b52b14ebdcc8b85764d97505443eb0dd303ab
Exploitable,0xbdb0b3f3b4c154f55006ba428790dcb19391a7e8,7,0,0x00dd0248927ebf767ef1a3349b8b8ea98ea29055
Exploitable,0x380e0f015c0a830dc5d25e5f99570ad0be275350,7,0,0xdb6794aca55ce8b87caf3d626dd4a7c758924b4d
Exploitable,0x1b1c789fccdfc6a7b1fef651a1464043f0a38ada,7,0,0x007e85ff4d8fc8109a0bd8aa651825297480167e
Exploitable,0x199912bebec44bc0da3bd0fb1da1f6879324e920,7,0,0xb2a966ca443c3f44341584b0f7372b5ee2fac67d
Exploitable,0x05dab93a76f33fdb225e0a05cafbdd41612b88b6,7,0,0x4c5d24a7ca972aea90cc040da6770a13fc7d4d9a
Unexploitable,0xa55e851322e8f272f1db1676ae19cb5711d0fb52,6,0,0x310bac40376b399d87b4361830409b1ccdb0c5ff
Exploitable,0x660fcb0834b1293117d472d65186534acf75af4f,6,0,0x007e85ff4d8fc8109a0bd8aa651825297480167e
Exploitable,0x23e6311dd0eb3556b300404f0cba576d504be223,6,0,0x78a1847e2f55a4fe97257d3137d78acabe6524ee
Exploitable,0x2255188f4ed5c42ee41469d0f858d7bd0209bcaf,6,0,0xa3ae668b6239fa3eb1dc26daabb03f244d0259f0
Unexploitable,0xf350cd899e6465013c038ca98ab77dda769d2f2a,5,5.00E+14,0x94535ed7c485a8d173d5480c01f26a47b23b4cbd
Exploitable,0xb8aa8971e9201d183d1dadf5acc5c3f6b3076bc0,5,0,0x00d29a21429ad90230ace2b9a1b25fa35bb288b8
Exploitable,0xa16cdcba1d6cb6874ff9fd8a6c8b82a3f834f512,5,0,0x007e85ff4d8fc8109a0bd8aa651825297480167e
Unexploitable,0x9eead2301792af12115d125c48966246e5b455a1,5,1.18E+16,0x89a8f5f337304eaa7caed7aa1d88b791f3d8b51d
Exploitable,0x65c52ae9b15dd6f30902e9f8164c91e912ee2be3,5,0,0x006180cbfc54228b5c372882f39812565c918d6b
Unexploitable,0xff08da5add3e994788a572643dc5a91eaec0636a,4,0,0x12029463edc585a8688b72f82a084e1e735fcc88
Unexploitable,0xdb7d806d1480e80138e758ea827998deb886e7c9,4,0,0xebf8fbf82fdae3256e92ba1b1b1d00947a75a376
Unexploitable,0x86e90722af401fec5fa103ce036dd82a2574f85b,4,0,0xebf8fbf82fdae3256e92ba1b1b1d00947a75a376
Exploitable,0x5c8546a7b86ba30202c09a84f5a72644a2a4f7ba,4,0,0x00b1431750b159a67fff0b59dddba8fd8831ba10
Exploitable,0x3ac0d29eaf16eb423e07387274a05a1e16a8472b,4,0,0xd777c3f176d125962c598e8e1162e52c6c403606
Exploitable,0x3a6984181f49c9ef64ada32373e736db0c9f1078,4,0,0x5b655eda7d101f98934392cc3610bcb25b633789
Unexploitable,0x223b0ee581719d4c6ae36f1ba1dd4101e5409c1c,4,0,0x310bac40376b399d87b4361830409b1ccdb0c5ff
Exploitable,0x126ae85a1ebf49dc946224f5268c6bd8338d49ae,4,0,0x00005a9126b9d95f83efc8da0aadffa7e4c81b52
Exploitable,0x973c2178b09225d1de3ab037d40b3f24af696255,3,5.00E+17,0x4c5d24a7ca972aea90cc040da6770a13fc7d4d9a
Unexploitable,0x7cfc4442dd96d6f85dd41d458a13957ba381e05a,3,0,0x00d29a21429ad90230ace2b9a1b25fa35bb288b8
Exploitable,0x75738fc16aef19ce08479ae9c7976498dd320be3,3,1.01E+16,0x1bed54b4bc8e132d8b6ecac041ca2accbcf4cbcb
Exploitable,0x53c57ab46d88992e26a5fdc3208aae0b4221ba16,3,0,0x65317bdab3650bd5f9b098d1a7fb033047e3c32c
Exploitable,0x4a94ad34b0fcd51d0e7425dc37c9b18f6eca5424,3,0,0x5f2d609fd60827e6f6fa7ca46f1ff329c8f714b9
Exploitable,0x3c840e8a7b4e28c12071fc92108b2d8a266d2c9b,3,0,0x2566190503393b80bded55228c61a175f40e4d42
Exploitable,0x33f00114d5aca3dee03189d4ed9d4f886dad84b0,3,0,0x945c84b2fdd331ed3e8e7865e830626e6cefab94
Exploitable,0xf2e88e0bfe61e5e41d9317e82c6938e67a913cc1,2,0,0xd57e611ea88d6a3a3b6fdafdb3d1247b72e8253c
Exploitable,0xd1b5cb3a6ea812c8c444e8d7d5692905df097c0e,2,0,0x5c9d8ed10c263f1bb02404145e7ce49cec0d87f0
Exploitable,0xa6f897fc27b91fb3ae4819ce3430a203c878f74b,2,0,0xd868711bd9a2c6f1548f5f4737f71da67d821090
Exploitable,0xa2cc011e7b1baa8fc99e654e0383b691d884ca47,2,0,0xf5bf74cf53e9ae6a0598dc7e9ed21158c7ad5905
Exploitable,0xa2562cd0d8620dc2bec07872ecaadd4b6fbdc02f,2,1.54E+16,0xa6bfeb0972372299b87947af387565dc432f04b6
Unexploitable,0x968f5d1cf4fb75dd8c2a4ef8ffc701b2e935942b,2,0,0x310bac40376b399d87b4361830409b1ccdb0c5ff
Exploitable,0x95411d0acaa34aaaf85c0ea55a8fde2cefb3d610,2,0,0xe177c5edab8e026b1c798e43fc6e8c7450cbab47
Unexploitable,0x8fd1c78ed8b3de2a025373b2bbd820c03939f760,2,0,0x310bac40376b399d87b4361830409b1ccdb0c5ff
Unexploitable,0x8d7ca5fc297cad2fb05efa3d35bd911a96550580,2,0,0xab10b4a7d034b4038a838dbd0dd04cc86b12e9a8
Exploitable,0x8b71843e8aec78ec376cbb460e218646f8fa8e80,2,0,0x61c808d82a3ac53231750dadc13c777b59310bd9
Exploitable,0x7a0ec191d8f44f3bc3cbb4d1105ced31c30ff492,2,0,0x00005a9126b9d95f83efc8da0aadffa7e4c81b52
Exploitable,0x7615882d2c0dba1913623c5a4c50fc345723d013,2,1.00E+16,0x801a8b8855404776b74e9d9ce0a2a4a3c5fa83e2
Exploitable,0x73f2fd0df4bf82a1137c03e0d4656e5c35b03177,2,0,0x310bac40376b399d87b4361830409b1ccdb0c5ff
Exploitable,0x6ec75c4eddd6838049478ac386dacd74d53c22cd,2,0,0x310bac40376b399d87b4361830409b1ccdb0c5ff
Unexploitable,0x6e5b7f4e908b6e55c8f8bd699487825666d3c1dc,2,0,0x310bac40376b399d87b4361830409b1ccdb0c5ff
Exploitable,0x31710812a91c9cc695750a8d47fad1bb1d3a8f7d,2,0,0xc786917536b57fb78e1b3d14bba6806b9b1df1e5
Exploitable,0x29d6cf436c893c7e44ea926411d5fd4dd763d9b3,2,0,0x3d9b4e669dc33aeefd1694aa442060cfefa1928d
Unexploitable,0x2071561e9376c897f0031635833012ff6e3db9cc,2,0,0x674f3d63dada1dc297a64c8afb79ca75721bfe6c
Unexploitable,0x05cd27a978fc9f9919a5f4c5c03e5947ed7d4c4d,2,0,0x310bac40376b399d87b4361830409b1ccdb0c5ff
Exploitable,0xfb774ac09c2cb7a6f47b4d8367293820e4b4c660,1,4.18E+14,0xebf8fbf82fdae3256e92ba1b1b1d00947a75a376
Exploitable,0xf982d94c1077349fe8db61ef49ef0ba7c6e11774,1,0,0x1aa98ba05b3021e7c116792857321bc02f02eed0
Exploitable,0xf8a5f0be78b60ecb992a1765661d67c27d7a1a2b,1,0,0xf71E9C766Cdf169eDFbE2749490943C1DC6b8A55
Exploitable,0xf5c29f2843e79f6482f19861111a2f3540a84e7b,1,0,0x68dc34fcb18a400dd2664571c77d94793404f7c1
Exploitable,0xf3b8ed45284a7eee12bbfc373dd40f56fee61253,1,0,0x1aa98ba05b3021e7c116792857321bc02f02eed0
Exploitable,0xf3319a43b922e2ee5c33fb83b8a860344d8279bb,1,0,0x06bb7b2e393671b85624128a5475be4a8c1c03e9
Exploitable,0xea483a51abbb216bf7f35b7a8d7eb7f040fa2e4e,1,0,0xebf8fbf82fdae3256e92ba1b1b1d00947a75a376
Exploitable,0xe75df3c68906f6adbe17e87d4e22509fde24c339,1,0,0x20c62701345b727ef8a4cbb61ddc9764cd9d2634
Exploitable,0xe3799a10a698cbb97f4f87f82f0198b394c9c528,1,0,0x2B1CE95573ec1b927a90Cb488dB113b40eEB064a
Exploitable,0xdf861993edbe95bafbfa7760838f8ebbd5afda9f,1,0,0x0f08f5cf0905498ac6a8b5ff3d4c2acb5ff447f7
Exploitable,0xd7c6d542f3dcdceda845112b8fd567b8f8655805,1,5.00E+17,0x4c5d24a7ca972aea90cc040da6770a13fc7d4d9a
Exploitable,0xc4f67ffbdfd80cc8e1cceb1c4f51bac74eeda71d,1,0,0xec3281124d4c2fca8a88e3076c1e7749cfecb7f2
Exploitable,0xc45a3f5c584592ec595b630f5eca707a727abead,1,0,0x88fbc8c0f644e618fdc017bc0ab4c42ace89f75c
Exploitable,0xbc307b1dd32f61637e8a47106e1ddd1300f28405,1,0,0x7d2f9dde219eb3fd0239c558c586ba6578618364
Exploitable,0xb6fd124ca6eceb00b747947a065f31392eec4572,1,0,0x5c49aa6f9b123317d02908bd0d3111356becd7cd
Exploitable,0xb1a787a25f614f0c643a27877a0e8f7c363c255a,1,0,0xec3281124d4c2fca8a88e3076c1e7749cfecb7f2
Exploitable,0xb03e9255f4aff415f458a399eb22d965ee5fd729,1,0,0x4cf6e830c9423522f85ef96ab1cfd2edeb39a3ad
Exploitable,0xacb60799cec3ea1cf4797c1edc39dad6d0395943,1,0,0x5f2d609fd60827e6f6fa7ca46f1ff329c8f714b9
Exploitable,0x90208ed59c79a01ea744b4c7f13c267d6383a2ba,1,0,0x5f2d609fd60827e6f6fa7ca46f1ff329c8f714b9
Exploitable,0x900448f2f4c0dc2805d1183a6f947f38d5db79ee,1,0,0x8580df106c8ff87911d4c2a9c815fa73cad1ca38
Exploitable,0x8b0844ce2a0c718355128b3f073a0c833e1d6845,1,0,0x092a9562724dddcba7dd6d34089a8ab88d50721a
Exploitable,0x878142b10f5bbd1a3efd8701c4f1cc7001fb9dde,1,0,0x0ce05ae1a8d21314ea15069d1e84e723a6ce626f
Exploitable,0x86f14ef10cc13e7f618785d6f33f88208a8e6ffa,1,0,0xec3281124d4c2fca8a88e3076c1e7749cfecb7f2
Exploitable,0x803838b44a07b1948abb8373c1eabe3e0152b726,1,0,0x75e6d4a772db168f34462a21b64192557ef5c504
Exploitable,0x7aef0c430a04d39beb4f56c434e828ef788db78c,1,0,0xf9958fC198163C10f34e931d93aBf7EF18762A2d
Exploitable,0x72abc3278fc7e8a1e1e7a1704db785e558325480,1,0,0xad64b7540dd038c36ee9db2c997ac44e6cfde2a6
Exploitable,0x64d63840cfbcb5a7320c4e104b116f6aa31ce08b,1,0,0x69e58dfd6f5f2bf0d1debbb47f7f1dbf889221c4
Exploitable,0x64cbf43c40448ac0afe21a3dd3530140d3503d91,1,0,0x6f99b403e1845817515a982b13b06d85cf33b658
Exploitable,0x5f15d2d4c60e229586a5bdfe2eec1981f92845c1,1,0,0xb7a38a63002f60ff347a5bacb9d1ca84a803391e
Exploitable,0x4ed184d6a9e449ecb984cb1fea7ed40db59439fd,1,0,0x2dae0eadbb9a2bc33a0bb174a54ebd77f205e691
Exploitable,0x4b56b693d7e2e3364b5154fd118b4d946722320f,1,0,0xec3281124d4c2fca8a88e3076c1e7749cfecb7f2
Exploitable,0x34afa7ff9a8eb4d8e61145ca81e2d0dab7b03662,1,0,0x3d5eaf8a58e7bc278a6c8ccd59837c685a95311d
Exploitable,0x2f976a5382c0c6214b3d8fe6bdc5379edd35d9d4,1,0,0x00A6232F89cBc90581F41573739456e87345111a
Exploitable,0x2a8c1742603cfa9ab2b300b6f0ffc46f49d35f32,1,0,0xd3be12394d78d65978c85f3d64b1cb9704acc8a9
Exploitable,0x27555d7292f22a65e24d7a45b17faa970a2cb20d,1,0,0xb1c8c71c6dcc8aba6cf1e87de5187ec853413b60
Exploitable,0x2044c97717a622b4d9462329db2497e69201623a,1,0,0x801a8b8855404776b74e9d9ce0a2a4a3c5fa83e2
Exploitable,0x19c630bb6d3e7c2cfe77e2a73627c9bee2db8ac5,1,0,0x8d2c9b6978b8192580dd1fab57d9f14050861640
Exploitable,0x1981716911e621d725b835ba0af776e5f9be0bbe,1,0,0x801a8b8855404776b74e9d9ce0a2a4a3c5fa83e2
Exploitable,0x11b46b435423599bf06f2e45e2e3343756e1317e,1,0,0xf845a8B5D8372eFc028eF78023d31D12C167e6aD
Exploitable,0x0be2ea1062e62632edb47772b8970ada04acd387,1,0,0x8948e4b00deb0a5adb909f4dc5789d20d0851d71
Exploitable,0x06ccd63315e43f973b45885485eba1ab3681732a,1,0,0xec3281124d4c2fca8a88e3076c1e7749cfecb7f2
Exploitable,0x02c4e38db3d48ec40ed4db512fb7bc8fe70c9833,1,0,0xec3281124d4c2fca8a88e3076c1e7749cfecb7f2
Exploitable,0xbc2afc039d2bfa67d582ac181dab5be17ec91f82,17229,0,0x1e17a75616cd74f5846b1b71622aa8e10ea26cc0
Unexploitable,0x965cc3eaeb50fbe7397a47ed54a01b7a9cd600a9,12501,0,0x1dc57c68bebcbbeca4e39bf6ed39b184033f5935
Exploitable,0x4a15d47087433f44d931a0dcc4161ea6d98633a8,1714,0,0x042fff722498adbd2c0d634041532314ac0594c8
Exploitable,0x0a6f0c541be542c098b7ee03c9c634f20bcf8422,680,0,0x9d054cb8cef265fe0d8c1272d48951c6cd7cfc09
Exploitable,0xd459852e273ee8bce1ea9fefa1ddc85ca8e169c3,624,0,0xa6e4ffa19b213abea258ae72e8e1a209b9e543e7
Exploitable,0x3bcaf56923335062e8f272d011efd2e40fa42147,130,0,0x7daea2c171a4865039dd813cb4d7003343a378ad
Exploitable,0xbc2ea5527586346bde95136c3ea99d699d55443c,65,0,0x3bdd582a90880ab1facb626ac33b6258b52b34b1
Exploitable,0x69c8f4c708a8b66aa900506041b1d39f56ad31ec,52,0,0x8c070c3c66f62e34bae561951450f15f3256f67c
Exploitable,0x4c478ac32725872e30bca49957abc7dbb325cb21,50,0,0x95b5758e6ecebd8654f8dc8d1db1f04f499bc86e
Exploitable,0x20B3d3F8a3E4F7B23382D844F2cA1D7026d69479,46,0,0xa3b9c25099eb624c1e5d59c69d4a2b06242b2f42
Exploitable,0xb52511f49f3ed76ad1f77998985ee452f29ba0fd,44,0,0xf12e1e1a9c35c5a9c20120f4c7164824e76bb04c
Exploitable,0x82577BadedB1cE4f0B804C69c9c46025e3BcAF57,43,0,0x9f9a4444517adafcc364644d9a6ac37a225158f2
Unexploitable,0xd0a6073c6dbb6c9097d3b3d58ff9e1b522b5f972,38,0,0xb8836928b5b2431c89646dce0bda19508cf9c2d5
Unexploitable,0xde74d4ba2f84fc7c69099349a242fb561a79b012,36,0,0xb8836928b5b2431c89646dce0bda19508cf9c2d5
Unexploitable,0xaa548618371d95cb0cb211bbbf37b26be3c744cc,26,0,0xc698649c2065539f2cec8fe63be19d4ef3c92aaa
Exploitable,0x77f54e6a0ed49e8ce5155468feaec29368b10465,25,0,0xb8602096588352c9674a77bcfc13bbd0c37bc2f8
Unexploitable,0x5170a14aa36245a8a9698f23444045bdc4522e0a,22,0,0x3c19388ee5d41c4ef856b2980d8406565d5cf2b5
Exploitable,0x0436d3110dee47f177bb5d9b7ea5ce5d712522e8,21,0,0x6e05a1e94a743e474394526d33e419ab136b4481
Exploitable,0xf8b7078d0f81dd8244e3b78206fe4ef01ee36764,19,1.00E+17,0x8948e4b00deb0a5adb909f4dc5789d20d0851d71
Exploitable,0xf0cc17aa0ce1c6595e56c9c60b19c1c546ade50d,19,0,0x005b52b14ebdcc8b85764d97505443eb0dd303ab
Exploitable,0xe78a4ed7a2d50c7206fea45dd7418b71a6de943b,17,0,0x00525dbec88760a6826b6aa54468395faaf65a01
Exploitable,0xc2438ef1d2f2c1427bf0a39f02dba6a4a9de4793,17,0,0x005b52b14ebdcc8b85764d97505443eb0dd303ab
Exploitable,0x220348263aab5a038845483f6096895aa59f3977,16,0,0x67e99fe13aa65cf44eb4312e6e2c9846d3b1300b
Exploitable,0xc710772a16fd040ed9c63de0679a57410981e3fc,15,0,0x00525dbec88760a6826b6aa54468395faaf65a01
Exploitable,0x91151abe8cea8ee574b50cc01c18ce36cbba3195,15,0,0x005b52b14ebdcc8b85764d97505443eb0dd303ab
Unexploitable,0xfc3c1c0550188c649f70e78787c8cd9ff9d3b8d4,14,0,0xd5b1e4a1eea2bc3139fab6fdf505f52ce09f495e
Exploitable,0x3e365d13828c398d1bd1694adce8998fd0139ba3,14,0,0x005b52b14ebdcc8b85764d97505443eb0dd303ab
Unexploitable,0x0cb6f0a13f25afb4adef19736a7eb338dc52333e,14,0,0xd3ebe8ce46e906f2d4992c0f883beda11306edf5
Exploitable,0xffc80f7403ff8c1aee200ad110fe0fa28d213445,13,0,0x007e85ff4d8fc8109a0bd8aa651825297480167e
Unexploitable,0xf1e6b7f94bb0d70d8a19187f684e4270b0a0c989,13,0,0xe41e279a8e956a1852d46a09f7404f2451b3fb4a
Unexploitable,0x25880982dcf61796e426280493a47a14c244368e,13,0,0x53c89f5c240a6fa9c0474cdb88ad7d2a0ee3a949
Exploitable,0xee045942b043b92cca0c454a553649eaa80873ea,12,0,0xd7cd4ab4b6580a642d1a8ad78a60b12eeb07d6da
Exploitable,0xd71a90c6903c698b643ac007a7a279f34e444dc3,12,0,0x006cee1bc850c24b967081289772c8aac02eae34
Exploitable,0xcce9a33837b009fd315f8de92e836e09bd73ebbe,12,0,0xb33c476b11ac5045cfdbe5ac8379bfdccc690966
Exploitable,0x1d8cd6eab10ab7d673fa7b4c5f93fe167953d4f9,12,0,0x00525dbec88760a6826b6aa54468395faaf65a01
Exploitable,0xddaabbeb621fb90c8b10432783f228ff7f888b5f,11,0,0x9a965e5e9c3a0f062c80a7f3d1b0972201b2f19f
Unexploitable,0x97a64e9e7a2d4a2c3e810c41d8842d673d32537e,11,0,0x13a0e9ae47d1d9be8a5fb10a73e6c1193e88328f
Unexploitable,0x3023868433f6086cd8ce0c4083fe2e11b37ce0b7,11,0,0x2cce3b342cc3c8480b5084d1584329ce90ed1f4a
Exploitable,0xcb8d1c16f97f86b4aaa400a50771bc958b9ba116,10,0,0x006cee1bc850c24b967081289772c8aac02eae34
Exploitable,0x23ef38333a7c0900e48ca43da46b07812c4aa1c0,10,0,0x8948e4b00deb0a5adb909f4dc5789d20d0851d71
Exploitable,0xfaed5aaa89d6f76a2e64cc7985f7b33d902574de,9,0,0x07fe2c0849a00f111420d593e1b2866e6fa66231
Exploitable,0xe14f29c22f47d1ca8dda796a6718c6bd0be0b3cf,9,0,0x0059f6e71a81c1a84b469e8e72a854e0b382fd9a
Exploitable,0xa3389a7bf3ab7b090e171f838034d12f8d3faa98,9,0,0xd57e611ea88d6a3a3b6fdafdb3d1247b72e8253c
Exploitable,0xf01b26626550448606de2b6e7eeda1216d9cd239,8,0,0x4c5d24a7ca972aea90cc040da6770a13fc7d4d9a
Exploitable,0x11fc42be8b14aeecfc371af217c4648e6423fa60,8,3.30E+16,0x945c84b2fdd331ed3e8e7865e830626e6cefab94
Exploitable,0xed29ff5874fa64dcf47ed7dacb770857a5d164fb,7,0,0x005b52b14ebdcc8b85764d97505443eb0dd303ab
Exploitable,0xbddd99e8aaeb85847703c31a83277856d49961d9,7,0,0x005b52b14ebdcc8b85764d97505443eb0dd303ab
Exploitable,0xbdb0b3f3b4c154f55006ba428790dcb19391a7e8,7,0,0x00dd0248927ebf767ef1a3349b8b8ea98ea29055
Exploitable,0x380e0f015c0a830dc5d25e5f99570ad0be275350,7,0,0xdb6794aca55ce8b87caf3d626dd4a7c758924b4d
Exploitable,0x1b1c789fccdfc6a7b1fef651a1464043f0a38ada,7,0,0x007e85ff4d8fc8109a0bd8aa651825297480167e
Exploitable,0x199912bebec44bc0da3bd0fb1da1f6879324e920,7,0,0xb2a966ca443c3f44341584b0f7372b5ee2fac67d
Exploitable,0x05dab93a76f33fdb225e0a05cafbdd41612b88b6,7,0,0x4c5d24a7ca972aea90cc040da6770a13fc7d4d9a
Unexploitable,0xa55e851322e8f272f1db1676ae19cb5711d0fb52,6,0,0x310bac40376b399d87b4361830409b1ccdb0c5ff
Exploitable,0x660fcb0834b1293117d472d65186534acf75af4f,6,0,0x007e85ff4d8fc8109a0bd8aa651825297480167e
Exploitable,0x23e6311dd0eb3556b300404f0cba576d504be223,6,0,0x78a1847e2f55a4fe97257d3137d78acabe6524ee
Exploitable,0x2255188f4ed5c42ee41469d0f858d7bd0209bcaf,6,0,0xa3ae668b6239fa3eb1dc26daabb03f244d0259f0
Unexploitable,0xf350cd899e6465013c038ca98ab77dda769d2f2a,5,5.00E+14,0x94535ed7c485a8d173d5480c01f26a47b23b4cbd
Exploitable,0xb8aa8971e9201d183d1dadf5acc5c3f6b3076bc0,5,0,0x00d29a21429ad90230ace2b9a1b25fa35bb288b8
Exploitable,0xa16cdcba1d6cb6874ff9fd8a6c8b82a3f834f512,5,0,0x007e85ff4d8fc8109a0bd8aa651825297480167e
Unexploitable,0x9eead2301792af12115d125c48966246e5b455a1,5,1.18E+16,0x89a8f5f337304eaa7caed7aa1d88b791f3d8b51d
Exploitable,0x65c52ae9b15dd6f30902e9f8164c91e912ee2be3,5,0,0x006180cbfc54228b5c372882f39812565c918d6b
Unexploitable,0xff08da5add3e994788a572643dc5a91eaec0636a,4,0,0x12029463edc585a8688b72f82a084e1e735fcc88
Unexploitable,0xdb7d806d1480e80138e758ea827998deb886e7c9,4,0,0xebf8fbf82fdae3256e92ba1b1b1d00947a75a376
Unexploitable,0x86e90722af401fec5fa103ce036dd82a2574f85b,4,0,0xebf8fbf82fdae3256e92ba1b1b1d00947a75a376
Exploitable,0x5c8546a7b86ba30202c09a84f5a72644a2a4f7ba,4,0,0x00b1431750b159a67fff0b59dddba8fd8831ba10
Exploitable,0x3ac0d29eaf16eb423e07387274a05a1e16a8472b,4,0,0xd777c3f176d125962c598e8e1162e52c6c403606
Exploitable,0x3a6984181f49c9ef64ada32373e736db0c9f1078,4,0,0x5b655eda7d101f98934392cc3610bcb25b633789
Unexploitable,0x223b0ee581719d4c6ae36f1ba1dd4101e5409c1c,4,0,0x310bac40376b399d87b4361830409b1ccdb0c5ff
Exploitable,0x126ae85a1ebf49dc946224f5268c6bd8338d49ae,4,0,0x00005a9126b9d95f83efc8da0aadffa7e4c81b52
Exploitable,0x973c2178b09225d1de3ab037d40b3f24af696255,3,5.00E+17,0x4c5d24a7ca972aea90cc040da6770a13fc7d4d9a
Unexploitable,0x7cfc4442dd96d6f85dd41d458a13957ba381e05a,3,0,0x00d29a21429ad90230ace2b9a1b25fa35bb288b8
Exploitable,0x75738fc16aef19ce08479ae9c7976498dd320be3,3,1.01E+16,0x1bed54b4bc8e132d8b6ecac041ca2accbcf4cbcb
Exploitable,0x53c57ab46d88992e26a5fdc3208aae0b4221ba16,3,0,0x65317bdab3650bd5f9b098d1a7fb033047e3c32c
Exploitable,0x4a94ad34b0fcd51d0e7425dc37c9b18f6eca5424,3,0,0x5f2d609fd60827e6f6fa7ca46f1ff329c8f714b9
Exploitable,0x3c840e8a7b4e28c12071fc92108b2d8a266d2c9b,3,0,0x2566190503393b80bded55228c61a175f40e4d42
Exploitable,0x33f00114d5aca3dee03189d4ed9d4f886dad84b0,3,0,0x945c84b2fdd331ed3e8e7865e830626e6cefab94
Exploitable,0xf2e88e0bfe61e5e41d9317e82c6938e67a913cc1,2,0,0xd57e611ea88d6a3a3b6fdafdb3d1247b72e8253c
Exploitable,0xd1b5cb3a6ea812c8c444e8d7d5692905df097c0e,2,0,0x5c9d8ed10c263f1bb02404145e7ce49cec0d87f0
Exploitable,0xa6f897fc27b91fb3ae4819ce3430a203c878f74b,2,0,0xd868711bd9a2c6f1548f5f4737f71da67d821090
Exploitable,0xa2cc011e7b1baa8fc99e654e0383b691d884ca47,2,0,0xf5bf74cf53e9ae6a0598dc7e9ed21158c7ad5905
Exploitable,0xa2562cd0d8620dc2bec07872ecaadd4b6fbdc02f,2,1.54E+16,0xa6bfeb0972372299b87947af387565dc432f04b6
Unexploitable,0x968f5d1cf4fb75dd8c2a4ef8ffc701b2e935942b,2,0,0x310bac40376b399d87b4361830409b1ccdb0c5ff
Exploitable,0x95411d0acaa34aaaf85c0ea55a8fde2cefb3d610,2,0,0xe177c5edab8e026b1c798e43fc6e8c7450cbab47
Unexploitable,0x8fd1c78ed8b3de2a025373b2bbd820c03939f760,2,0,0x310bac40376b399d87b4361830409b1ccdb0c5ff
Unexploitable,0x8d7ca5fc297cad2fb05efa3d35bd911a96550580,2,0,0xab10b4a7d034b4038a838dbd0dd04cc86b12e9a8
Exploitable,0x8b71843e8aec78ec376cbb460e218646f8fa8e80,2,0,0x61c808d82a3ac53231750dadc13c777b59310bd9
Exploitable,0x7a0ec191d8f44f3bc3cbb4d1105ced31c30ff492,2,0,0x00005a9126b9d95f83efc8da0aadffa7e4c81b52
Exploitable,0x7615882d2c0dba1913623c5a4c50fc345723d013,2,1.00E+16,0x801a8b8855404776b74e9d9ce0a2a4a3c5fa83e2
Exploitable,0x73f2fd0df4bf82a1137c03e0d4656e5c35b03177,2,0,0x310bac40376b399d87b4361830409b1ccdb0c5ff
Exploitable,0x6ec75c4eddd6838049478ac386dacd74d53c22cd,2,0,0x310bac40376b399d87b4361830409b1ccdb0c5ff
Unexploitable,0x6e5b7f4e908b6e55c8f8bd699487825666d3c1dc,2,0,0x310bac40376b399d87b4361830409b1ccdb0c5ff
Exploitable,0x31710812a91c9cc695750a8d47fad1bb1d3a8f7d,2,0,0xc786917536b57fb78e1b3d14bba6806b9b1df1e5
Exploitable,0x29d6cf436c893c7e44ea926411d5fd4dd763d9b3,2,0,0x3d9b4e669dc33aeefd1694aa442060cfefa1928d
Unexploitable,0x2071561e9376c897f0031635833012ff6e3db9cc,2,0,0x674f3d63dada1dc297a64c8afb79ca75721bfe6c
Unexploitable,0x05cd27a978fc9f9919a5f4c5c03e5947ed7d4c4d,2,0,0x310bac40376b399d87b4361830409b1ccdb0c5ff
Exploitable,0xfb774ac09c2cb7a6f47b4d8367293820e4b4c660,1,4.18E+14,0xebf8fbf82fdae3256e92ba1b1b1d00947a75a376
Exploitable,0xf982d94c1077349fe8db61ef49ef0ba7c6e11774,1,0,0x1aa98ba05b3021e7c116792857321bc02f02eed0
Exploitable,0xf8a5f0be78b60ecb992a1765661d67c27d7a1a2b,1,0,0xf71E9C766Cdf169eDFbE2749490943C1DC6b8A55
Exploitable,0xf5c29f2843e79f6482f19861111a2f3540a84e7b,1,0,0x68dc34fcb18a400dd2664571c77d94793404f7c1
Exploitable,0xf3b8ed45284a7eee12bbfc373dd40f56fee61253,1,0,0x1aa98ba05b3021e7c116792857321bc02f02eed0
Exploitable,0xf3319a43b922e2ee5c33fb83b8a860344d8279bb,1,0,0x06bb7b2e393671b85624128a5475be4a8c1c03e9
Exploitable,0xea483a51abbb216bf7f35b7a8d7eb7f040fa2e4e,1,0,0xebf8fbf82fdae3256e92ba1b1b1d00947a75a376
Exploitable,0xe75df3c68906f6adbe17e87d4e22509fde24c339,1,0,0x20c62701345b727ef8a4cbb61ddc9764cd9d2634
Exploitable,0xe3799a10a698cbb97f4f87f82f0198b394c9c528,1,0,0x2B1CE95573ec1b927a90Cb488dB113b40eEB064a
Exploitable,0xdf861993edbe95bafbfa7760838f8ebbd5afda9f,1,0,0x0f08f5cf0905498ac6a8b5ff3d4c2acb5ff447f7
Exploitable,0xd7c6d542f3dcdceda845112b8fd567b8f8655805,1,5.00E+17,0x4c5d24a7ca972aea90cc040da6770a13fc7d4d9a
Exploitable,0xc4f67ffbdfd80cc8e1cceb1c4f51bac74eeda71d,1,0,0xec3281124d4c2fca8a88e3076c1e7749cfecb7f2
Exploitable,0xc45a3f5c584592ec595b630f5eca707a727abead,1,0,0x88fbc8c0f644e618fdc017bc0ab4c42ace89f75c
Exploitable,0xbc307b1dd32f61637e8a47106e1ddd1300f28405,1,0,0x7d2f9dde219eb3fd0239c558c586ba6578618364
Exploitable,0xb6fd124ca6eceb00b747947a065f31392eec4572,1,0,0x5c49aa6f9b123317d02908bd0d3111356becd7cd
Exploitable,0xb1a787a25f614f0c643a27877a0e8f7c363c255a,1,0,0xec3281124d4c2fca8a88e3076c1e7749cfecb7f2
Exploitable,0xb03e9255f4aff415f458a399eb22d965ee5fd729,1,0,0x4cf6e830c9423522f85ef96ab1cfd2edeb39a3ad
Exploitable,0xacb60799cec3ea1cf4797c1edc39dad6d0395943,1,0,0x5f2d609fd60827e6f6fa7ca46f1ff329c8f714b9
Exploitable,0x90208ed59c79a01ea744b4c7f13c267d6383a2ba,1,0,0x5f2d609fd60827e6f6fa7ca46f1ff329c8f714b9
Exploitable,0x900448f2f4c0dc2805d1183a6f947f38d5db79ee,1,0,0x8580df106c8ff87911d4c2a9c815fa73cad1ca38
Exploitable,0x8b0844ce2a0c718355128b3f073a0c833e1d6845,1,0,0x092a9562724dddcba7dd6d34089a8ab88d50721a
Exploitable,0x878142b10f5bbd1a3efd8701c4f1cc7001fb9dde,1,0,0x0ce05ae1a8d21314ea15069d1e84e723a6ce626f
Exploitable,0x86f14ef10cc13e7f618785d6f33f88208a8e6ffa,1,0,0xec3281124d4c2fca8a88e3076c1e7749cfecb7f2
Exploitable,0x803838b44a07b1948abb8373c1eabe3e0152b726,1,0,0x75e6d4a772db168f34462a21b64192557ef5c504
Exploitable,0x7aef0c430a04d39beb4f56c434e828ef788db78c,1,0,0xf9958fC198163C10f34e931d93aBf7EF18762A2d
Exploitable,0x72abc3278fc7e8a1e1e7a1704db785e558325480,1,0,0xad64b7540dd038c36ee9db2c997ac44e6cfde2a6
Exploitable,0x64d63840cfbcb5a7320c4e104b116f6aa31ce08b,1,0,0x69e58dfd6f5f2bf0d1debbb47f7f1dbf889221c4
Exploitable,0x64cbf43c40448ac0afe21a3dd3530140d3503d91,1,0,0x6f99b403e1845817515a982b13b06d85cf33b658
Exploitable,0x5f15d2d4c60e229586a5bdfe2eec1981f92845c1,1,0,0xb7a38a63002f60ff347a5bacb9d1ca84a803391e
Exploitable,0x4ed184d6a9e449ecb984cb1fea7ed40db59439fd,1,0,0x2dae0eadbb9a2bc33a0bb174a54ebd77f205e691
Exploitable,0x4b56b693d7e2e3364b5154fd118b4d946722320f,1,0,0xec3281124d4c2fca8a88e3076c1e7749cfecb7f2
Exploitable,0x34afa7ff9a8eb4d8e61145ca81e2d0dab7b03662,1,0,0x3d5eaf8a58e7bc278a6c8ccd59837c685a95311d
Exploitable,0x2f976a5382c0c6214b3d8fe6bdc5379edd35d9d4,1,0,0x00A6232F89cBc90581F41573739456e87345111a
Exploitable,0x2a8c1742603cfa9ab2b300b6f0ffc46f49d35f32,1,0,0xd3be12394d78d65978c85f3d64b1cb9704acc8a9
Exploitable,0x27555d7292f22a65e24d7a45b17faa970a2cb20d,1,0,0xb1c8c71c6dcc8aba6cf1e87de5187ec853413b60
Exploitable,0x2044c97717a622b4d9462329db2497e69201623a,1,0,0x801a8b8855404776b74e9d9ce0a2a4a3c5fa83e2
Exploitable,0x19c630bb6d3e7c2cfe77e2a73627c9bee2db8ac5,1,0,0x8d2c9b6978b8192580dd1fab57d9f14050861640
Exploitable,0x1981716911e621d725b835ba0af776e5f9be0bbe,1,0,0x801a8b8855404776b74e9d9ce0a2a4a3c5fa83e2
Exploitable,0x11b46b435423599bf06f2e45e2e3343756e1317e,1,0,0xf845a8B5D8372eFc028eF78023d31D12C167e6aD
Exploitable,0x0be2ea1062e62632edb47772b8970ada04acd387,1,0,0x8948e4b00deb0a5adb909f4dc5789d20d0851d71
Exploitable,0x06ccd63315e43f973b45885485eba1ab3681732a,1,0,0xec3281124d4c2fca8a88e3076c1e7749cfecb7f2
Exploitable,0x02c4e38db3d48ec40ed4db512fb7bc8fe70c9833,1,0,0xec3281124d4c2fca8a88e3076c1e7749cfecb7f2
